0,0
0,0.124999999999969
0,0.249999999999937
0,0.37499998159951
0,0.499999971758094
0,0.624999935671392
1.02987617895461e-46,0.74999991944327
-1.46226726684109e-39,0.874999877882934
-3.9092205365378e-39,0.999999831901676
-1.06409630897034e-36,1.12499979297022
-2.31416427662665e-35,1.24999973324781
4.03205485849295e-34,1.37499968903179
-1.14862964768617e-34,1.49999963397045
-1.460423469921e-32,1.62499956306861
-1.05012414254197e-32,1.74999951375364
2.70173114468098e-31,1.87499944837065
7.64126571652005e-31,1.99999936770055
-1.65194103834754e-30,2.12499930563565
-1.30222821483463e-29,2.24999923443072
-1.99421473236497e-29,2.37499914509973
5.72629523435456e-29,2.49999906663589
3.23441904991122e-28,2.62499899374181
5.31750081209989e-28,2.74999889825822
-5.90031575763291e-28,2.8749988041718
-5.02865416860762e-27,2.99999873360446
-1.14287421016253e-26,3.12499863582016
-6.34573147145115e-27,3.24999852982127
4.01586381652259e-26,3.37499844602496
1.49290549284723e-25,3.4999983504835
2.51351503706573e-25,3.62499823695331
7.08957743269101e-26,3.74999813061941
-8.67178362413607e-25,3.87499804187195
-2.81488442879541e-24,3.99999792721859
-4.72984893242063e-24,4.12499780730135
-2.90851499262085e-24,4.24999770958005
9.10038538748059e-24,4.37499760008151
3.64512426668542e-23,4.49999747269103
7.23116488123451e-23,4.62499735141393
8.23111710296746e-23,4.74999725255276
-4.57291904669076e-24,4.87499712647445
-2.75567182404646e-22,4.99999699253516
-7.56640286451368e-22,5.12499687530923
-1.26975202198029e-21,5.24999675702168
-1.27356477042114e-21,5.37499661866272
1.72039367397486e-22,5.49999648238579
4.09132810151395e-21,5.62499636244416
1.07079296291633e-20,5.74999621487347
1.79822218075667e-20,5.87499606399201
2.00604095768661e-20,5.99999592724007
6.847083073914e-21,6.12499578268684
-3.34443626952581e-20,6.2499956178463
-1.06932192261187e-19,6.37499546292252
-2.01495038084996e-19,6.49999532893702
-2.7195289942172e-19,6.62499517461083
-2.31023150253677e-19,6.74999500893514
4.07984200640868e-20,6.87499485659545
6.51376058780082e-19,6.99999472815438
1.60983013858658e-18,7.12499458040759
2.70446393299473e-18,7.24999441787879
3.38412377386253e-18,7.37499426405309
2.71846484571184e-18,7.49999413288358
-4.58051211897768e-19,7.62499397393777
-7.11528923638702e-18,7.74999380674289
-1.72661567162024e-17,7.87499365304648
-2.89683321508278e-17,7.9999935085542
-3.73930222765965e-17,8.1249933402798
-3.45054834427025e-17,8.24999317073631
-1.00801082604081e-17,8.37499301891595
4.52483502067975e-17,8.49999286240603
1.34566155630252e-16,8.62499268658884
2.47388179190936e-16,8.74999251643762
3.52248208060496e-16,8.87499236800529
3.92409927318118e-16,8.99999220077168
2.89164156846815e-16,9.12499201910095
-4.25486286351655e-17,9.24999184752575
-6.62938775186555e-16,9.37499169946149
-1.56124714704681e-15,9.49999152276777
-2.601840981756e-15,9.62499133683216
-3.47799690884998e-15,9.74999116442434
-3.69712317743001e-15,9.87499100492972
-2.62627849922265e-15,9.99999081999646
3.75192398358886e-16,10.1249906312851
5.72218305131301e-15,10.2499904588363
1.32824611410727e-14,10.3749902887809
2.2019972398827e-14,10.499990096774
2.97025035884406e-14,10.6249899066709
3.28170218330448e-14,10.7499897351113
2.68596055519553e-14,10.8749895553429
7.15083639560518e-15,10.999989357374
-2.97463978129519e-14,11.1249891671869
-8.40723422333825e-14,11.2499889973784
-1.50651847455416e-13,11.3749888087606
-2.16928976091333e-13,11.4999886059106
-2.62012235295134e-13,11.6249855107501
-2.57621268724104e-13,11.7499763624325
-1.71788863327817e-13,11.8749617564203
2.4112003074823e-14,11.99994281449
3.45067740711818e-13,12.1249219547417
7.79782709205535e-13,12.2499025935552
1.27802978421986e-12,12.3748747036357
1.74118856899052e-12,12.4998385770214
2.02036781109123e-12,12.624795015827
1.92673357798279e-12,12.7497454316787
1.2579605772212e-12,12.8746929425356
-1.57027268096903e-13,12.9996433989027
-2.39699895380785e-12,13.124587905866
-5.37762576940321e-12,13.2495223942412
-8.78284909078566e-12,13.3744478708053
-1.20161724879906e-11,13.4993661179581
-1.4193239410571e-11,13.6242812469028
-1.41982143606818e-11,13.7492007792291
-1.08239357290555e-11,13.8741162770089
-3.00172150056297e-12,13.999020306561
9.8859832920674e-12,14.1239140728205
2.76396704304917e-11,14.2487998883186
4.88776102217164e-11,14.3736833942479
7.07453452433457e-11,14.4985742837908
8.88136106621216e-11,14.6234605545635
9.72551416032522e-11,14.7483341443869
8.9388990876487e-11,14.8731964583254
5.8649663939013e-11,14.9980507556691
-2.82787830263125e-14,15.1229049811832
-8.84676194982896e-11,15.2477714872398
-2.03422815777279e-10,15.3726290601384
-3.34921307830436e-10,15.4974728710988
-4.6516706242387e-10,15.6223046377617
-5.68449240714472e-10,15.7471294121665
-6.12471176828087e-10,15.8719583703267
-5.61512864725834e-10,15.9968040314709
-3.81565983128989e-10,16.1216338675361
-4.71624436690251e-11,16.2464488662283
4.50508313983262e-10,16.3712515094117
1.0951253446032e-09,16.4960500210168
1.83755130618232e-09,16.6208592601742
2.59079277955562e-09,16.7456793528677
3.23001819846982e-09,16.8704823937976
3.59820719120224e-09,16.9952694842958
3.51939135077004e-09,17.120045072111
2.81985901611435e-09,17.2448217026147
1.35769984752819e-09,17.3696174754329
-9.41976669118134e-10,17.4944128825445
-4.05041311888846e-09,17.6191898087372
-7.800878407273e-09,17.7439498230917
-1.18632362476414e-08,17.868701013763
-1.57337307779761e-08,17.9934601900381
-1.87460853611737e-08,18.1182476074577
-2.01178328358934e-08,18.2430187673288
-1.90225900861774e-08,18.3677698560282
-1.46939267640537e-08,18.4925040810077
-6.55491942560859e-09,18.6172340428162
5.63309363980043e-09,18.7419794303904
2.16119551963884e-08,18.8667492372354
4.05089695278769e-08,18.9914969962229
6.075239107513e-08,19.1162228987834
8.00590433892415e-08,19.2409329133129
9.55076506700853e-08,19.3656434963283
1.03716689142831e-07,19.4903756396221
1.01155789409942e-07,19.6151244661417
8.45717732037503e-08,19.739849273975
5.14915070543043e-08,19.8645505679795
7.80919193207311e-10,19.9892372920874
-6.67962564068935e-08,20.1139279877897
-1.48069469087657e-07,20.2386439564203
-2.37148770619071e-07,20.3633727083753
-3.25454634079086e-07,20.4880755641677
-4.02016661011442e-07,20.6127534539042
-4.54160242896092e-07,20.7374170332777
-4.68565222234295e-07,20.8620850821557
-4.32679347968587e-07,20.9867778313361
-3.3643502913958e-07,21.1114883942764
-1.73927133419357e-07,21.2361713430746
5.50492746301089e-08,21.360826980069
3.43774861668603e-07,21.4854651604401
6.77882555973601e-07,21.6101034982472
1.03531699530894e-06,21.7347609094077
1.38694620231756e-06,21.8594509139575
1.69877492447635e-06,21.9841128556094
1.93438643785492e-06,22.1087456456654
2.05826750949518e-06,22.233355823173
2.03964860193507e-06,22.3579594667131
1.85661227906831e-06,22.4825746026685
1.5001841940606e-06,22.6072183295308
9.7778503982085e-07,22.7318713097491
3.15157986176493e-07,22.8565000898068
-4.4289914901402e-07,22.9811064739151
-1.23336695704769e-06,23.1056990800984
-1.97735662302079e-06,23.2302924189943
-2.58382603642217e-06,23.3549025234458
-2.95393799905887e-06,23.4795457466439
-2.98552867857068e-06,23.6042021893042
-2.57366320653529e-06,23.7288483774071
-1.60409377106799e-06,23.8534858349118
5.98703016643063e-08,23.9781306988554
2.59520164154128e-06,24.1027939654033
6.23925985991906e-06,24.2274923044509
1.13066876459625e-05,24.3522527319879
1.82144245431991e-05,24.4770513745129
2.75219160428457e-05,24.6018834838828
3.99908857686154e-05,24.7267627466275
5.66869791361872e-05,24.8516730730743
7.91288058653515e-05,24.9766226020836
0.000109443209911112,25.1016130429835
0.000150326058652133,25.2266069736305
0.000204680320104992,25.3516000737193
0.000275417847289599,25.4765922306229
0.000365796015362388,25.6015833166433
0.000479758126949255,25.726573185402
0.000621659647865344,25.8515616714267
0.000795652144935481,25.9765485926582
0.00100577685816122,26.1015337574664
0.00125708559862233,26.2265169761244
0.00155656421754338,26.3514980740014
0.00191313919394611,26.4764769008415
0.00233750116065215,26.6014533322129
0.00284217691128256,26.726427276014
0.00344153771627385,26.8513986748404
0.00415154711545936,26.9763675186708
0.00498940152180636,27.1013338455309
0.00597323562208145,27.2262977453396
0.00712184891872438,27.3512593575597
0.00845425113069193,27.476218862429
0.00998888380845414,27.6011764695078
0.0117425961570573,27.7261324066549
0.0137296525961346,27.8510869109546
0.0159610494413147,27.9760402208973
0.0184442392652896,28.1009925693011
0.0211832131451153,28.2259441783867
0.0241788251925023,28.3508952573365
0.0274291619553587,28.4758460026126
0.0309298964859646,28.600796600231
0.0346747437520689,28.7257472277259
0.0386560561784537,28.8506980535823
0.0428651164041168,28.9756492344018
0.0472925475520459,29.1006009109373
0.0519277008325032,29.2255532046649
0.0567583997957105,29.3505062160464
0.0617674768225773,29.475460024184
0.0669324803268755,29.6004146877541
0.0722285512637124,29.7253702469297
0.0776353959068246,29.8503267260703
0.0831418393544311,29.9752841362348
0.0887496996876306,30.100242477764
0.0944765870904737,30.2252017454993
0.10035345014684,30.3501619074866
0.106415308113999,30.4751229416591
0.11269858430961,30.6000725096501
0.119231819558869,30.7249782416271
0.126037175736754,30.8498720997153
0.13312685782102,30.9747574670219
0.140520875083893,31.0997227089873
0.148229072560533,31.2246887405684
0.156253808665186,31.3496555449389
0.164587951692137,31.4746230680493
0.17320957829275,31.5995913018341
0.182071214019792,31.7245602359014
0.191123389152731,31.8495185385762
0.200352249979125,31.9744792757384
0.209762638051217,32.0994391841781
0.219364401598192,32.2243987894747
0.229159819433874,32.3493592980028
0.239146164172798,32.4743320994292
0.24931506541446,32.5993054954868
0.259656952365329,32.7242794787645
0.270162946165542,32.8492540277832
0.280826525793669,32.9742291258115
0.291644256970216,33.0992047475384
0.302620224126644,33.224180871343
0.313765619006726,33.3491574804912
0.325089017539576,33.4741345600195
0.336594495383815,33.5991120938989
0.348304325995481,33.7240728946058
0.360236601956447,33.8489279376612
0.372437664288706,33.9737795168391
0.384951059306288,34.0986288464128
0.397808249206124,34.2234903549701
0.411021887379563,34.3483573632092
0.424589732775277,34.4732299145373
0.438493254740304,34.5981020605426
0.452658770767717,34.7229453820839
0.466961222607821,34.8477810555235
0.48127332490725,34.9726133080425
0.495584908385182,35.0974476996108
0.509984502751263,35.2222818341516
0.524543113414818,35.3471181998339
0.539313565119194,35.4720389218226
0.554300350168284,35.5969504958191
0.56945924347233,35.7217816210065
0.584755199382471,35.8466123418236
0.600130997935812,35.9714606127082
0.615564435540286,36.096401858227
0.63103589673537,36.2213426500731
0.646492911836988,36.3461805998386
0.661918762757301,36.4710137219997
0.677324255711163,36.5958913250629
0.692703912277057,36.7207894808964
0.70808878231552,36.8457737835966
0.723516738615033,36.970758167628
0.738944800655482,37.0955994067964
0.754374583268236,37.2204502939338
0.769766915531857,37.3453140975371
0.785182369748108,37.4702987286113
0.800571256532929,37.5952263667056
0.815943142638553,37.7202110910732
0.83125534810968,37.8451958512306
0.846459411958702,37.9701806408999
0.861494701576608,38.0951654552678
0.876352633989088,38.2201502897941
0.890862045214079,38.3450015313396
0.905074676804343,38.4699863931081
0.918941590495576,38.5949712660327
0.93243727144399,38.7199561453599
0.94551679059678,38.8449090168995
0.958139288630937,38.9698508415437
0.970323002440006,39.0948306340704
0.982069402598546,39.2198155049367
0.993379401459834,39.3448003671686
1.00426385283809,39.469785218193
1.01473062801972,39.5947700518117
1.02476188880439,39.7197548640036
1.03435692481086,39.8447396510274
1.04355600459773,39.9697244090255
1.05237055804582,40.0947091344064
1.0608041774839,40.2196938229676
1.06885453925231,40.3446784711228
1.07651276246482,40.469663075346
1.08376963306202,40.5946476288892
1.09062108185661,40.7196321282012
1.09706673587426,40.8446165709564
1.10311095488522,40.9696009554361
1.10876379773126,41.0945852804627
1.11404319934413,41.219569545547
1.11897843764876,41.3445537509146
1.12359205125018,41.4695378975718
1.12788857919469,41.5945219872947
1.13187563869776,41.7195052755281
1.13557717848519,41.8444876137694
1.13902398722203,41.9694689217382
1.14223667395302,42.0944490084427
1.14521483713474,42.2194277039231
1.14794230411872,42.3444047903496
1.15041025374879,42.4693799696422
1.15263253421798,42.5943528115682
1.15463787990918,42.7193226700176
1.15645769018818,42.8442889117597
1.15811958450568,42.9692509050286
1.15964646350849,43.0942081113652
1.16105597237434,43.2191601710641
1.16235796775542,43.3441069567201
1.16355366000339,43.4690485986936
1.16464379250365,43.5939855088022
1.16563790596767,43.7189184181591
1.16652942770972,43.8438484114607
1.16730501145851,43.9687767805162
1.16799731683513,44.093704753794
1.16865549853471,44.2186336974947
1.16930492221817,44.3435639165118
1.1699572282556,44.4684953282849
1.17062614735944,44.5934279323114
1.17132367121544,44.7183620183014
1.17205817587036,44.8432978794721
1.17283355168417,44.9682352156013
1.17364850768292,45.0931747257719
1.17449263597424,45.2181162943701
1.17535033443906,45.3430598640325
1.1762129027167,45.4680059672578
1.17707510104692,45.592953774433
1.17793374509069,45.7179036739299
1.1787859163264,45.8428556603199
1.17962755247126,45.9678092635322
1.1804570107144,46.0927650917952
1.18127064436355,46.2177221171666
1.18206548037831,46.342681254135
1.18283539988179,46.4676415898988
1.18357666760227,46.5926040748131
1.1842838235654,46.7175677677957
1.18495345297498,46.8425336385058
1.18558071857335,46.9675009182259
1.18616225727988,47.0924702901746
1.18669377189657,47.2174415385986
1.18717079547795,47.3424148202991
1.18759019573167,47.4673904843703
1.18794799080808,47.5923681661199
1.18824256870106,47.7173486281751
1.188470905285,47.8423301788527
1.18862925672983,47.9673116743261
1.18871479686017,48.0922931323862
1.18872547250731,48.2172745765078
1.18866000201161,48.3422560367322
1.18851719794467,48.4672375505696
1.1882961160652,48.5922191639787
1.18799738072728,48.7172009324683
1.18762259272084,48.8421829223013
1.18717343577849,48.9671652118604
1.18665214551732,49.0921478934425
1.18606248626096,49.2171306522233
1.18540821572758,49.3421134257722
1.1846926245257,49.4670962133714
1.18392003615694,49.5920790142532
1.18309543544131,49.7170618276193
1.18222060863849,49.8420446526598
1.18129593059663,49.96702748857
1.18032249314453,50.0920103345624
1.17930358177971,50.2169931898761
1.17824411987602,50.3419760537813
1.17714976196951,50.4669589255783
1.17602759535798,50.5919418045936
1.17488075943761,50.716924690173
1.17371236341644,50.8419075816733
1.17252233033488,50.966890478454
1.17131352127582,51.0918733798774
1.17008811843871,51.2168562853186
1.16885243787055,51.3418391941614
1.16761210419374,51.4668221057835
1.16637251783701,51.5918050199893
1.16513762090397,51.716787934492
1.16391138533175,51.841770850369
1.16269566744904,51.966753765705
1.16148759303939,52.091736679228
1.1602832378702,52.2167195899449
1.15907780831789,52.3417024975056
1.15786841591308,52.4666854010429
1.15665234491401,52.5916682994466
1.15543070432883,52.7166511914588
1.15420397620041,52.8416340757014
1.15297298871014,52.9666169506864
1.15173704197128,53.09159981482
1.15049880174492,53.2165826664082
1.14925972947551,53.341565503663
1.14802039108357,53.4665483247092
1.14678282815074,53.5915311275979
1.14555087944311,53.7165139103241
1.14432963259198,53.8414966708433
1.14312558331627,53.9664794070904
1.14194548335329,54.0914621169932
1.14079863079677,54.2164447984771
1.139695917715,54.3414274494698
1.13864539627492,54.4664100679049
1.13765256989246,54.5913926517121
1.13672212246863,54.7163751987933
1.13585799082057,54.8413577070111
1.13506366830189,54.9663401741955
1.13434427576525,55.0913225981426
1.1337043301962,55.2163049766088
1.1331489152805,55.3412873073084
1.13268528106028,55.4662695879453
1.13231871058046,55.5912518162295
1.13205094238945,55.716233989806
1.13188315946077,55.8412161076171
1.13181598374952,55.9661981651109
1.13184955835135,56.0911801583317
1.13198334719086,56.2161620838328
1.13221753591108,56.341143938431
1.13255307904197,56.4661257191216
1.13298917088302,56.5911074230867
1.13352206730161,56.7160890477554
1.13414980223758,56.8410705908455
1.13486970898184,56.9660520503987
1.13567578851241,57.0910334248075
1.1365639782994,57.216014712845
1.13753058893696,57.3409959136863
1.13856864104094,57.4659770269061
1.1396718145856,57.5909580524882
1.14083565058499,57.7159389908074
1.14205191853161,57.8409198426078
1.143310509297,57.9659006089767
1.14460288308624,58.0908812913303
1.14591811363244,58.215861891392
1.14724492045623,58.340842411116
1.1485791978554,58.4658228522732
1.1499161227108,58.5908032164899
1.15124563988536,58.7157835095311
1.15256073209002,58.8407637353885
1.15385633177696,58.9657438975558
1.15512603757028,59.0907239994408
1.15636722081375,59.2157040444629
1.15757599583882,59.3406840360717
1.15874733341878,59.4656639777501
1.15988216823476,59.5906438730459
1.16097876144862,59.7156237255723
1.16203264353913,59.840603539018
1.16304867021363,59.9655833171907
1.16403154246793,60.0905630640239
1.1649821595132,60.2155427834796
1.16590609719896,60.3405224797419
1.16680749590291,60.4655021571623
1.16768919059097,60.5904818202398
1.16856065457952,60.7154614734994
1.16942831640821,60.8404411215424
1.17029530015631,60.9654207690951
1.17117177938245,61.090400420901
1.17206300042419,61.2153800817826
1.17297556236839,61.3403597565883
1.17391680790066,61.4653394501685
1.17488904104049,61.5903191673408
1.17589574281837,61.7152989128543
1.17693945525502,61.8402786913936
1.17802272799621,61.9652585075224
1.17914826701989,62.0902383656698
1.18031922876243,62.2152182701277
1.18153874302791,62.3401982250436
1.18280432581103,62.465178234398
1.18411355989653,62.590158301984
1.18546960357359,62.7151384313933
1.18687534353124,62.8401186259754
1.18832810931272,62.9650988888037
1.18982712215548,63.0900792226445
1.19136793452791,63.215059629911
1.19294668102252,63.3400401126087
1.19455775343861,63.4650206722931
1.19619357941587,63.5900013107934
1.19785029230833,63.7149820271841
1.19952309393992,63.8399628217159
1.20121061483319,63.9649436938511
1.20291330566443,64.0899246422718
1.20463157758313,64.2149056649523
1.20636837516632,64.3398867591883
1.20812458714668,64.4648679216111
1.20989963075015,64.5898491482025
1.21169287862854,64.7148304343244
1.21350212301113,64.8398117747582
1.2153268672196,64.9647931637539
1.21716642424072,65.0897745950954
1.21901903748977,65.2147560621828
1.22088500541151,65.3397375581406
1.22276370633064,65.4647190759389
1.22465424107056,65.5897006085233
1.22655793725563,65.714682148955
1.22847411058342,65.8396636905442
1.23040121384181,65.9646452269613
1.2323372290817,66.0896267523385
1.23427923530647,66.2146082613509
1.23622394073485,66.3395897492122
1.23816667434432,66.4645712122473
1.24010184575432,66.5895526468798
1.24202405898446,66.7145340503165
1.24392809743863,66.8395154205561
1.24580912959489,66.9644967563585
1.24766278161428,67.0894780572138
1.24948552198933,67.2144593233066
1.25127446144531,67.3394405548559
1.2530262317473,67.464421754962
1.25473422550064,67.5894029250342
1.25638852022486,67.7143840672351
1.25798021768433,67.839365184272
1.25950026140386,67.9643462792289
1.26094154836145,68.0893273554723
1.26229910178153,68.214308416588
1.26356848124351,68.3392894663344
1.26474429557973,68.4642705086041
1.2658209671397,68.5892515473893
1.26679380342093,68.714232586748
1.26765874753739,68.839213630782
1.26841239335354,68.9641946836184
1.2690501947494,69.0891757494016
1.26956445860492,69.2141568322876
1.2699492654464,69.3391379364395
1.27020156101828,69.4641190660211
1.27031921774765,69.5891002256306
1.27030011634384,69.7140814177536
1.27014193234483,69.8390626472683
1.26984230520642,69.9640439185534
1.26939884978168,70.0890252357341
1.26880915131175,70.2140066027859
1.26807047098707,70.3389880239909
1.26718014772861,70.4639695014915
1.26613537575404,70.588951039959
1.26493288573775,70.713932641949
1.26356922538178,70.8389143099455
1.26204135914275,70.9638960478904
1.26034721865921,71.0888778589549
1.25848599798054,71.2138597463202
1.25645805835613,71.3388417111937
1.25426463364971,71.4638237568707
1.25190806559802,71.5888058845046
1.24939137932277,71.7137880967286
1.24671767830237,71.8387703956881
1.24389545305508,71.9637527821668
1.24092900470197,72.0887290732942
1.23781914385583,72.2136946015374
1.23456126669816,72.3386492775789
1.23118309796186,72.4636026537644
1.22767381029033,72.5885334548137
1.22404504401221,72.7134537304445
1.22030058187135,72.8383638576284
1.21647906647992,72.9632740149054
1.21257464263398,73.088161703057
1.20860257642263,73.213041332284
1.2045736548833,73.3379135400963
1.20049498465824,73.4627779970333
1.19637541335671,73.5876365147722
1.19222496900185,73.7124909594469
1.18805385180035,73.837342612298
1.18387327178704,73.9621928302306
1.17969538638822,74.0870432344773
1.17550395997741,74.2118953155712
1.17135209559774,74.3367820124941
1.1672603122299,74.4616683649599
1.16319318389485,74.5865276219348
1.15916841213844,74.7113939984525
1.15517831430213,74.8362653707588
1.15125824035669,74.9611600050986
1.14741249284926,75.0860533738537
1.14362882140364,75.2109372828964
1.13991251138199,75.3358239895358
1.13626807131325,75.46071412378
1.13269945332795,75.5856066837646
1.12920868360497,75.7104996919373
1.12579933920177,75.8353928280888
1.12247554797341,75.960285780853
1.11923824027284,76.0851784215715
1.11608833096635,76.2100703884457
1.11302771365943,76.3349616422724
1.11005913616407,76.4598532039658
1.10718529257113,76.5847455313818
1.10440864844628,76.7096392434547
1.10173328018973,76.8345349039618
1.09916116850455,76.9594331469254
1.09671244689969,77.0843352422096
1.0943670051063,77.2092205295199
1.09212922780377,77.3341096005477
1.09000018935794,77.4590055232546
1.08797862215818,77.5839117315184
1.08605622536541,77.7088317097615
1.08424771490445,77.833773741656
1.08254384325245,77.9587198742808
1.08093809915662,78.083669831292
1.07942778232029,78.2086225511443
1.0780129042518,78.3335768326649
1.07669416178251,78.4585314872984
1.07547360681843,78.5834853788139
1.07435416390812,78.7084375491411
1.0733374940421,78.8333870871251
1.07242137844191,78.9583328419939
1.0716021142034,79.0832733095452
1.07087579514699,79.2082067071941
1.07024156983401,79.3331312909674
1.06970085422925,79.4580459492448
1.06925252854341,79.5829496134638
1.06889265071467,79.7078397472015
1.06861861314986,79.832714025368
1.06843285818175,79.9575723833159
1.06832939101247,80.0824128360721
1.06830468287565,80.2072431666708
1.06835162285404,80.3320701686873
1.06846204975321,80.4569047025752
1.06863424032358,80.5817614621487
1.06887233008531,80.7066506914644
1.06916844683883,80.8315741564024
1.06955409733261,80.9565449635973
1.07002974108411,81.0815293907113
1.07058684829881,81.2065137808337
1.07122251259366,81.331498128196
1.07193491144491,81.4564824265496
1.07272303140841,81.5814666692664
1.07358458341253,81.7064508493976
1.07451612558544,81.8314349597242
1.07551217940483,81.9564189928399
1.0765670284263,82.0814029414583
1.07767539462925,82.2063867981559
1.07883148319372,82.3313705557728
1.08002999366952,82.4563542077419
1.08126564164887,82.5813377483532
1.08253316701278,82.7063211729207
1.08382893710884,82.8313044778518
1.08515105951294,82.9562876606355
1.08649745313853,83.0812707197699
1.08786540818138,83.2062536547693
1.08925147091282,83.3312364662912
1.09065224679169,83.4562191555073
1.09206484837698,83.5812017236326
1.09348619718261,83.7061841718329
1.09491246216117,83.8311665024808
1.09633945722806,83.9561487148105
1.097762995073,84.0811308070427
1.09917889873289,84.2061127772376
1.10058302282536,84.331094623245
1.10197121373517,84.4560763426269
1.10333935021782,84.5810579328476
1.10468339395619,84.7060393914882
1.10599963986882,84.8310207164604
1.10728502456686,84.9560019062046
1.10853696555042,85.0809829598705
1.10975321467026,85.205963877491
1.11093226761335,85.3309446601433
1.11207335141263,85.4559253101084
1.11317650943764,85.580905831015
1.11424256964849,85.7058862279758
1.11527268824365,85.8308665061007
1.11626819387353,85.955846675771
1.11723012041492,86.0808267487093
1.11815947781986,86.2058067353123
1.11905840833895,86.330786648775
1.11992979875766,86.4557665033645
1.12077657827691,86.5807463140226
1.12160243434465,86.7057260959127
1.12241148351087,86.8307058640136
1.12320875730897,86.9556856328599
1.12400024312749,87.0806654164811
1.12479040656578,87.2056452280243
1.12558216561259,87.3306250796179
1.12637816340477,87.455604988099
1.12718028023801,87.5805849516959
1.1279892593634,87.7055649820084
1.12880602695294,87.8305450889092
1.12963338579876,87.9555252801305
1.13047651590834,88.0805055617767
1.13134213360777,88.2054859388678
1.13223679319714,88.330466418405
1.13316520781561,88.4554470011744
1.13413074004208,88.5804276882354
1.13513606611335,88.705408480437
1.13618233549282,88.8303893780993
1.13726918987149,88.955370381051
1.13839529541767,89.0803514886199
1.13955937489534,89.205332699631
1.14075771055161,89.3303140123076
1.1419839737124,89.4552954207975
1.14323232981027,89.5802769257589
1.14449786661468,89.7052585260508
1.14577707315098,89.8302402194145
1.14706824322474,89.9552220028174
1.14836965127791,90.0802038727544
1.1496788188205,90.2051858254393
1.15099346501886,90.3301678567774
1.15231102402497,90.4551499624277
1.15362879312346,90.5801321379024
1.15494459499067,90.7051143786746
1.15625645467288,90.830096680325
1.15756158372078,90.9550790385778
1.15885694321078,91.080061449333
1.16014062371846,91.2050439087258
1.16141106028163,91.3300264117532
1.1626670867539,91.4550089623489
1.1639095261881,91.5799915549665
1.16513889917953,91.7049741902622
1.16635421430731,91.8299568563715
1.1675557149115,91.9549395516378
1.16874335890334,92.0799222820715
1.16991517998695,92.2049050435625
1.17106935603468,92.3298878264086
1.1722044060651,92.4548706389034
1.17331819646855,92.5798534781855
1.17440917349211,92.7048363361348
1.17547591310883,92.8298192198412
1.17651630604702,92.9548021262874
1.17758177841595,93.0797850484101
1.17853946934058,93.204700869618
1.17948526007136,93.3296838304303
1.18042071093837,93.454666818584
1.18138197011893,93.5796313888754
1.18228911248146,93.7045171468598
1.18315187066074,93.8293896013085
1.18396314147993,93.9542562216851
1.18475504724879,94.0791349046417
1.18551075345051,94.2039968582672
1.18612825563514,94.3288529988699
1.18682340829229,94.4538361291457
1.1874117847531,94.5787412930674
1.18799616257476,94.7037233993546
1.18856004493976,94.8287065695754
1.18909673617352,94.9536897522502
1.1896028822194,95.0786729406055
1.19007775768537,95.2036561350006
1.19052364194453,95.3286393346705
1.19094298058782,95.4536225383248
1.19133637016503,95.5786057420892
1.19170375472311,95.7035889439073
1.19204466141374,95.8285721395397
1.19235710835074,95.9535553252372
1.19263820180071,96.0785384971918
1.19288539048112,96.203521652103
1.19309652703242,96.328504787266
1.19326947467851,96.4534879006079
1.19340313098825,96.5784709927858
1.19349763775876,96.7034540593178
1.19355483000377,96.8284370992088
1.19357666705301,96.953420113346
1.19356285666978,97.0784031033627
1.19351362615176,97.2033860711375
1.19343020302528,97.32836901874
1.19331417706157,97.4533519481644
1.19316705613646,97.5783348615089
1.1929904067725,97.7033177606733
1.19278617920896,97.8283006470861
1.1925558043511,97.9532835215155
1.19230064291317,98.0782663841796
1.19202189158806,98.2032492334123
1.19171838141512,98.328232069478
1.19138781091813,98.4532148910079
1.19102910847466,98.5781976956701
1.19064114710347,98.7031804808646
1.19022318840604,98.828163243901
1.189774214192,98.9531459830677
1.18929210198361,99.0781286930278
1.1887742845907,99.2031113708025
1.18821863634504,99.3280940148089
1.1876230092333,99.4530766234962
1.18698512792502,99.5780591973836
1.18630350993565,99.7030417381678
1.18557666887853,99.8280242472415
1.18480383908183,99.9530067276013
1.18398555021971,100.077989183587
1.18312296348289,100.202971620727
1.18221766274204,100.327954045448
1.18127399131936,100.452936464818
1.1802976853589,100.577918886293
1.17929288807543,100.702901317459
1.1782624159197,100.827883765798
1.17720968533701,100.952866238507
1.1761386483506,101.07784874235
1.17505278529323,101.202831283586
1.173955965196,101.327813867893
1.17285010142933,101.452796500298
1.17173371121656,101.577779185146
1.17060482146731,101.702761925998
1.16946136646385,101.827744725697
1.16830051253586,101.952727586481
1.1671203783306,102.077710509892
1.16592141913076,102.202693496783
1.16470516031731,102.327676547182
1.16347537213366,102.452659660022
1.16225185364707,102.577639678236
1.16102374037178,102.702592581761
1.15979004576069,102.82752037048
1.15854841821634,102.952422135979
1.15729259111663,103.077303309029
1.15599677796866,103.202178583379
1.15465542314214,103.327090957439
1.15335418845738,103.452074476625
1.15207740164836,103.577058027792
1.1508219834075,103.702041604772
1.14958834067173,103.827025199454
1.14837980401707,103.95200880369
1.14720054017883,104.076992410464
1.1460537309682,104.201976013132
1.14494120670351,104.326959605874
1.14386419084229,104.451943182864
1.14282545276902,104.576926738061
1.14182792753972,104.701910265259
1.14087338727446,104.826893758343
1.13996330549484,104.951877211611
1.13909897769475,105.076860620165
1.13828227641212,105.201843978396
1.13751509167069,105.326827289421
1.13679871444533,105.451810555021
1.13613304110773,105.576793781387
1.13551741316588,105.701776960593
1.13495084908692,105.826760105016
1.13443247007597,105.951743208464
1.13396123500943,106.076726281047
1.13353588986854,106.201709330159
1.13315509031189,106.326692368184
1.13281753357445,106.451675393561
1.13252183471612,106.576658408656
1.13226621929834,106.701641410543
1.13204807618541,106.826624410535
1.13186371811207,106.951607414593
1.13170928692463,107.076590432837
1.13158170689802,107.201573460159
1.1314789156719,107.326556494374
1.13139921108825,107.451539533641
1.13134081787518,107.576522575739
1.131302038655,107.701505618016
1.13128059738412,107.826488657529
1.13127347635129,107.951471691251
1.13127746831406,108.076454716299
1.13128964914741,108.201437730131
1.13130722227284,108.326420726621
1.13132792542049,108.451403711939
1.13135004039862,108.576386680995
1.13137161471002,108.701369636548
1.13138998998879,108.826352582954
1.13140341774626,108.951335521435
1.1314106756653,109.076318455061
1.13141244041845,109.201301389
1.13140836641201,109.32628432897
1.13139887960083,109.451267281413
1.1313831081196,109.576250252663
1.1313607714825,109.701233249299
1.13133146758967,109.826216277794
1.13129524317076,109.951199344727
1.13125299461439,110.076182456768
1.13120730134551,110.201165620495
1.13116167125467,110.326148842224
1.13111994738226,110.451132132451
1.13108644224001,110.576115487775
1.13106524292462,110.701098921101
1.13105882860876,110.826082432897
1.13106890321635,110.951066022862
1.13109721162846,111.07604968937
1.13114558294889,111.201033434269
1.13121569540801,111.326017257869
1.1313088159689,111.451001159296
1.13142550777953,111.575985136793
1.13156568460207,111.700969187966
1.13172920990869,111.825953309935
1.13191625011906,111.950937499515
1.13212708377418,112.075921753348
1.13236214960011,112.200906068006
1.13262194479806,112.325890440068
1.13290668318358,112.450874866166
1.13321693655653,112.575859343014
1.13355223333325,112.700843867392
1.13391174480521,112.825828436145
1.1342949289609,112.950813046159
1.13469993052235,113.075797694344
1.13512552419274,113.200782377601
1.13557083139841,113.325767092814
1.13603375456128,113.45075183683
1.13651352181556,113.57573660645
1.13701027288154,113.700721398416
1.13752417185597,113.825706209432
1.13805634820704,113.950691036192
1.13860761708317,114.07567587542
1.13917759601151,114.200660723918
1.1397656560132,114.325645578785
1.14037096568228,114.450630437586
1.14099214965383,114.57561529774
1.14162799157651,114.700600153823
1.14227770623478,114.825585002483
1.14294057941677,114.950569841805
1.14361589578024,115.075554682485
1.14430289784417,115.200539524474
1.14500071717806,115.32552435074
1.14570859686268,115.450509160681
1.14642621476497,115.575493966367
1.14715338172438,115.70047876391
1.14788992656287,115.825463544545
1.14863574712253,115.950448304812
1.14939070513381,116.075433045509
1.15015469195516,116.200417762092
1.15092760213583,116.325402449774
1.15170932707344,116.450387104043
1.15249995917706,116.575371717095
1.15329971321291,116.700356288988
1.1541089386115,116.825340812521
1.15492793416509,116.950325287724
1.15575711352051,117.075309708712
1.15659693113925,117.200294073793
1.15744765051986,117.325278384264
1.15830920526323,117.450262638644
1.15918116593927,117.57524683505
1.16006268861095,117.700230975419
1.16095269339886,117.825215059417
1.16185359744283,117.950199086609
1.16277134342582,118.075178293143
1.16369954292771,118.200140814147
1.16463209870864,118.325085838201
1.16556672276551,118.450015806518
1.1665032456312,118.57493074913
1.16743528216878,118.699827396
1.16835934411569,118.824708510328
1.1692727680997,118.949575670414
1.17016971114587,119.074429745448
1.17093520366705,119.199275473331
1.17173502880099,119.324258818722
1.17264113456113,119.449242094711
1.1734708273471,119.57408898443
1.17424862216274,119.698947611594
1.17493268523159,119.823831772816
1.17563629008548,119.948814783149
1.17635853275248,120.073797731993
1.17702579735375,120.198747746302
1.17768294688936,120.323730569995
1.17832281100807,120.448713334381
1.17894297912462,120.573696038322
1.1795420110727,120.698678681115
1.18011883357375,120.82366126238
1.1806726357876,120.948643782571
1.18120255619609,121.073626242315
1.18170752696979,121.198608642256
1.18218631431262,121.323590983184
1.1826375881683,121.448573266128
1.1830598713854,121.573555492411
1.18345182233337,121.698537663844
1.18381252440938,121.823519781202
1.18414119691075,121.948501847049
1.18443699501851,122.073483863761
1.18469892525291,122.19846583363
1.18492585287681,122.323447758819
1.18511671170343,122.448429641272
1.18527041771422,122.573411482601
1.18538573684549,122.698393283983
1.18546159302105,122.823375046078
1.18549727492825,122.948356768946
1.18549244704663,123.073338452062
1.18544699493918,123.198320094387
1.18536086457209,123.323301694483
1.18523415760758,123.448283250686
1.18506683872809,123.573264761321
1.18485870179423,123.698246224948
1.18460973715578,123.823227640629
1.18432008759318,123.948209008181
1.18398996328777,124.073190328272
1.18361970273308,124.198171603214
1.18320972271417,124.323152836507
1.18276059697024,124.448134032969
1.18227330108015,124.57311519838
1.1817491891274,124.698096339937
1.18118971978738,124.823077465923
1.18060694026487,124.948058585379
1.17999692950493,125.073026363463
1.17935861204638,125.197979721922
1.17869091875098,125.322917574794
1.17799381488779,125.447839999997
1.177270214459,125.572747101005
1.17651977119782,125.69763628422
1.17573686570912,125.82250865589
1.17491260076543,125.947373889404
1.17405525828306,126.072250473385
1.17315107249678,126.197142364943
1.17220983690993,126.32207557766
1.17128262476693,126.447057205558
1.17035673303611,126.572038898251
1.16943019746123,126.697020653039
1.16850380701148,126.822002466532
1.16757891680773,126.946984334942
1.1666568273349,127.071966254026
1.16573942601815,127.196948218962
1.16482845845148,127.321930224264
1.16392558730455,127.446912263839
1.16303187296337,127.57189433121
1.16214785435191,127.696876419851
1.16127397295493,127.821858523588
1.16041097604288,127.946840636664
1.1595596049874,128.071822754097
1.15872046064259,128.196804871965
1.15789398597626,128.32178698751
1.15708049387819,128.446769099167
1.15628031751979,128.571751206526
1.15549384554758,128.696733310237
1.15472143387044,128.821715411871
1.1539632314854,128.946697513753
1.15321915959585,129.071679618804
1.15248904787624,129.196661730154
1.15177274345465,129.321643851023
1.15107024063368,129.446625984612
1.15038166820939,129.571608133945
1.14970711673714,129.696590301739
1.14904651693791,129.821572490313
1.14839957383997,129.94655470156
1.14776564758283,130.071536936962
1.14714374549409,130.196519197671
1.14653275648283,130.321501484603
1.14593152284897,130.446483798551
1.14533866955495,130.57146614029
1.14475246852564,130.696448510655
1.1441710688936,130.821430910608
1.1435929797777,130.946413341272
1.14301741389902,131.071395803951
1.14244425625411,131.196378300108
1.14187337180523,131.321360831354
1.14130423248111,131.446343399394
1.14073612712843,131.571326005983
1.14016845082386,131.696308652868
1.13960081675179,131.821291341743
1.13903322066701,131.946274074202
1.13846616152708,132.071256851707
1.13790063683551,132.19623967554
1.13733814594969,132.321222547003
1.13678073217185,132.446205467014
1.13623105507512,132.571188436183
1.13569234584271,132.696171454833
1.13516833830232,132.821154522996
1.13466281730901,132.946137640408
1.13417925684513,133.071120806507
1.13372072242288,133.196104020436
1.13329017694223,133.321087281051
1.13289105357724,133.446070586907
1.13252766539646,133.571053936263
1.13220467867413,133.696037327094
1.13192707867208,133.821020757118
1.13170020563981,133.94600422383
1.13152943857681,134.070987724344
1.13141917356634,134.195971256239
1.13137261863586,134.32095481702
1.13139181150146,134.445938403949
1.13147827775848,134.570922015102
1.13163180920771,134.695905644605
1.13185113745353,134.820889287923
1.13213477272171,134.945872942689
1.13248116295551,135.070856606079
1.1328889973659,135.195840275117
1.13335708354292,135.320823946799
1.13388409638648,135.445807618156
1.13446840429538,135.570791286283
1.13510784765273,135.695774948359
1.13579987336662,135.820758601654
1.13654179907583,135.945742243534
1.13733100609622,136.070725871467
1.13816517188693,136.19570948302
1.13904213737564,136.320693075865
1.13995974299495,136.445676647776
1.14091580691321,136.570660196631
1.14190822264936,136.695643720405
1.14293499144151,136.820627217171
1.14399404527513,136.945610685093
1.14508311679932,137.07059412242
1.1461997693818,137.195577527484
1.14734134988718,137.320560898696
1.14850487150004,137.445544234554
1.14968703863026,137.570527533642
1.15088436363748,137.695510794639
1.15209311048506,137.820494016323
1.15330913803809,137.945477197583
1.15452801253135,138.070460337425
1.15574538814403,138.195443434978
1.15695716939244,138.320426489506
1.15815922639896,138.445409500404
1.15934723881583,138.570392467202
1.16051663046042,138.69537538956
1.16166293027155,138.820358267271
1.16278236253423,138.945341100248
1.16387115950334,139.070323888531
1.16492548001428,139.195306632318
1.16594149206333,139.320289331948
1.16691550712068,139.445271987828
1.16784433149953,139.570254601233
1.16872540457685,139.695237171367
1.16955678195948,139.820219697986
1.17033703777102,139.945202179493
1.17106523311378,140.070184620254
1.17174078790898,140.195167018892
1.1723634749488,140.320149374939
1.1729334108016,140.445131688292
1.17345106779644,140.570113958861
1.17391728063999,140.695096187904
1.17433319151271,140.820078375888
1.17470020887919,140.94506052296
1.17501998714239,141.070042629134
1.17529440708523,141.195024694353
1.17552556792393,141.320006718513
1.17571578220952,141.444988701477
1.17586749317772,141.569970643085
1.17598317868177,141.694952543162
1.17606533488346,141.819934401527
1.17611650620625,141.944916217986
1.1761393262233,142.069897992381
1.17613654244965,142.194879724557
1.17611101268248,142.319861414357
1.17606562227697,142.444843061616
1.1760031272175,142.569824666169
1.17592603453949,142.694806227864
1.17583661626828,142.819787746586
1.17573700164049,142.944769222281
1.17562918556717,143.069750654995
1.17551492671907,143.194732044899
1.17539568274768,143.319713392324
1.17527263634615,143.444694697788
1.17514655727981,143.569675962021
1.17501786205184,143.694657185984
1.17488682248814,143.819638370887
1.17475351498902,143.944619518211
1.17461770481233,144.069600629708
1.17447874942309,144.194581707417
1.17433571119316,144.319562753667
1.17418761529199,144.444543771084
1.17403340889224,144.569524762612
1.17387207967491,144.694505731449
1.17370282664275,144.819486681075
1.17352498478063,144.944467615254
1.17333802546334,145.069448538018
1.1731412859168,145.194429453649
1.17293400462958,145.319410366633
1.1727158077758,145.444391281627
1.17248653713535,145.569372203409
1.17224599006006,145.694353136835
1.17199400165422,145.819334086781
1.17173040205866,145.944315058093
1.17145493825006,146.069296055528
1.17116743455737,146.194277083696
1.17086762330135,146.319258146992
1.17055491669431,146.444239249626
1.1702284610659,146.569220395559
1.16988736073472,146.694201588438
1.16953079849239,146.819182831644
1.16915791247079,146.944164128285
1.16876828737651,147.069145481217
1.16836248300486,147.194126893054
1.16794092356183,147.319108366179
1.16750394819452,147.444089902748
1.16705182625976,147.569071504686
1.16658514967801,147.694053173682
1.16610521534025,147.819034911177
1.1656135574213,147.944016718346
1.16511141367183,148.068998596085
1.16459975579756,148.193980545002
1.16408064226528,148.318962565402
1.1635564623363,148.44394465729
1.16302877960731,148.568926820374
1.16249855251843,148.693909054071
1.16196636413492,148.818891357528
1.16143268256781,148.943873729649
1.16089790669133,149.068856169144
1.16036251727932,149.193838674595
1.15982695080774,149.318821244566
1.15929128712047,149.4438038777
1.15875594602217,149.568786572518
1.15822282008256,149.69376932731
1.15769324200137,149.818752140126
1.1571677487046,149.943735008767
1.1566604672342,150.068717930837
1.15617175275149,150.193683279229
1.15568968633924,150.31862127933
1.15520585581085,150.443538159142
1.15472978766501,150.568443989319
1.15425470403985,150.693331062128
1.1537764445747,150.818205422188
1.15328389383195,150.943075143415
1.15277397472336,151.067959895911
1.15222911032687,151.192876249453
1.15172154227276,151.317859540904
1.15123226754674,151.442842852954
1.15075590142411,151.56782618187
1.15029116832281,151.692809524666
1.14983845079558,151.817792879085
1.14939829886544,151.942776243698
1.14897150219078,152.067759615253
1.14855838302602,152.192742990286
1.14815988678636,152.317726368012
1.14777726920512,152.442709744086
1.14741210192613,152.567693117091
1.14706654414288,152.692676481174
1.14674214023587,152.817659834799
1.14644053087194,152.942643175004
1.14616343064699,153.067626500267
1.14591127850607,153.192609805202
1.1456839909577,153.317593090589
1.14548096847952,153.442576356891
1.14530085487367,153.56755960489
1.14514171235751,153.692542837891
1.14500073451662,153.817526054084
1.14487538611626,153.942509257444
1.14476259258727,154.067492451953
1.14465985567869,154.192475637334
1.14456542493997,154.317458817523
1.14447777256271,154.442441995037
1.14439576557175,154.567425171513
1.14431828031727,154.692408347748
1.14424391196341,154.817391523691
1.14417095842548,154.942374698443
1.14409715006298,155.067357870264
1.14401918210567,155.192341036494
1.14393357556865,155.317324194115
1.14383737286083,155.442307339786
1.14372827988134,155.567290469997
1.14360435263864,155.692273581283
1.1434629101926,155.817256670434
1.14330119088268,155.942239734696
1.14311624532554,156.067222771767
1.14290522760815,156.192205779967
1.14266544535745,156.317188757363
1.14239505307137,156.442171705968
1.14209252153902,156.567154627782
1.1417573865808,156.692137525553
1.14138959988088,156.817120402992
1.14098932649533,156.942103264951
1.1405573375089,157.06708611585
1.14009457974291,157.192068960851
1.13960078986239,157.317051805989
1.13907586454235,157.442034657557
1.13852026988149,157.56701752178
1.13793518986947,157.692000404644
1.13732236020973,157.816983311808
1.13668351014623,157.941966248546
1.13602047425031,158.066949219712
1.13533590190436,158.191932229723
1.13463294116617,158.316915282559
1.1339148394114,158.441898381767
1.1331846482891,158.566881530314
1.13244476391663,158.691864730488
1.13169729725375,158.81684798376
1.1309494529123,158.941831290709
1.13021765529011,159.066808733065
1.12949563244244,159.191760838188
1.12878546455891,159.316689173329
1.12808571336415,159.441592475662
1.12739333273686,159.566474903228
1.12669537250192,159.691345471931
1.12597203334473,159.816228901306
1.12525672312025,159.941167941009
1.12459241696019,160.066151600631
1.12396699840832,160.191135269504
1.1233784761715,160.316118938608
1.12282766714949,160.441102598148
1.12231598735139,160.566086239223
1.12184485475507,160.691069855492
1.12141551679036,160.816053440379
1.12102884658518,160.941036987973
1.12068519375696,161.066020492775
1.12038448076493,161.191003949498
1.12012638737214,161.315987353071
1.11991042844775,161.440970698744
1.11973603378854,161.565953982896
1.11960263415741,161.690937203389
1.119509602564,161.81592035895
1.11945611125281,161.940903449803
1.11944116944759,162.065886474142
1.11946378219094,162.190869443109
1.11952289573877,162.315852356753
1.11961734660751,162.440835217756
1.11974608100056,162.565818030077
1.11990822804785,162.690800793978
1.12010277214664,162.815783525284
1.12032857102639,162.940766225318
1.12058449977353,163.065748897454
1.12086930344779,163.190731540595
1.12118187924374,163.315714169096
1.12152113018727,163.440696782164
1.12188623042299,163.565679375513
1.1222768250198,163.690661959451
1.12269299574986,163.815644530414
1.12313505469534,163.940627085998
1.12360319684063,164.065609623766
1.12409745400248,164.190592140997
1.1246176730015,164.315574634773
1.12516367490883,164.440557102163
1.12573523084212,164.565539540438
1.12633193500643,164.6905219473
1.12695357876759,164.815504321101
1.12759992712869,164.940486660984
1.12827049423409,165.065468967521
1.12896497266588,165.190451242765
1.12968321745479,165.315433489961
1.13042531460304,165.440415713797
1.13119163878366,165.565397920379
1.13198271615857,165.690380116993
1.1327990315616,165.815362311776
1.13364114174005,165.94034451332
1.13451023996749,166.065326730236
1.13540812238069,166.190308970946
1.13633636899533,166.315291238288
1.13729588151715,166.440273549758
1.1382863791439,166.5652559134
1.13930656444029,166.690238328681
1.14035519862221,166.815220807419
1.1414314990689,166.940203366224
1.14253525925191,167.065186007814
1.14366644707202,167.190168733332
1.14482492821988,167.315151548513
1.14601051958829,167.44013445723
1.14722311630568,167.565117461744
1.14846236219026,167.690100562957
1.14972773067999,167.815083760629
1.15101875419864,167.940067053614
1.15233503591027,168.065050440031
1.15367629177214,168.190033917425
1.15504258049442,168.315017482947
1.15643406844962,168.440001133489
1.15785072475398,168.564984865784
1.1592920566484,168.689968676455
1.16075696533479,168.814952562051
1.16224376725445,168.939936519081
1.16375018609946,169.064920544012
1.16527312227523,169.189904633253
1.16680894190083,169.314888782112
1.16835363250674,169.439872986592
1.16990249151731,169.56485724698
1.17145045620872,169.689841553184
1.17299221943307,169.814825907798
1.17452246595894,169.939810305851
1.17603642169394,170.06479474231
1.17752984847455,170.189779212246
1.1789989897103,170.314763701665
1.18044021044176,170.439748217648
1.18184993581298,170.564732744844
1.18322446050636,170.689717279755
1.18456020326503,170.814701818647
1.18585393827138,170.939686357095
1.18710297403322,171.064670899424
1.18830535895958,171.189655436551
1.18945995617279,171.314639974493
1.19056635213544,171.439624505375
1.19162451733737,171.564609021764
1.19263443366987,171.689593518474
1.19359658089534,171.814577989224
1.19451129802599,171.939562430923
1.19537910519173,172.064546839887
1.19620079875719,172.189531213011
1.1969778979352,172.314515538728
1.19771222867836,172.439499817663
1.19840576258382,172.564484050277
1.19906032614905,172.689468236385
1.19967747871979,172.814452382489
1.20025827934665,172.939436487595
1.20080354793564,173.0644205492
1.20131380121584,173.189404564478
1.20178866445045,173.314388536319
1.20222728785107,173.439372465297
1.2026285107908,173.564356352416
1.2029911353219,173.689340197208
1.20331373704755,173.814324002637
1.20359483876492,173.939307771672
1.20383300581001,174.064291506941
1.20402655094205,174.189275212349
1.20417372354677,174.314258888151
1.20427258999234,174.439242537287
1.20432145263687,174.564226160218
1.20431884266166,174.689209756724
1.20426365734821,174.814193325479
1.20416350664249,174.939176865825
1.20401996235577,175.064150312345
1.20382747236665,175.18910658462
1.20358803721682,175.314047802453
1.20330335544043,175.438971698345
1.20297047785268,175.563876147133
1.20260469426995,175.68876510038
1.20217644740506,175.813623409286
1.20169246155901,175.93848286286
1.20115825462173,176.063351632791
1.20057569826436,176.188234908069
1.19994763293259,176.31313981741
1.19927639899945,176.438072433362
1.19858310829328,176.563038876613
1.19787825124006,176.688021870209
1.19715511512935,176.813004829318
1.19641188522692,176.937987756112
1.19564798074255,177.062970652198
1.19486313736902,177.187953518368
1.19405718677883,177.312936354789
1.19323001662529,177.437919160883
1.19238161861394,177.562901936689
1.1915119839517,177.687884681841
1.19062079609513,177.81286739625
1.18970754073841,177.937850078722
1.18877172706185,178.062832728752
1.18781288144237,178.187815347854
1.18683061385297,178.312797936377
1.18582469951483,178.437780496041
1.18479500952479,178.562763028504
1.18374138270231,178.687745535731
1.18266371056583,178.812728019847
1.18156212531046,178.937710483011
1.18043707929287,179.062692927313
1.17928935308736,179.187675354671
1.17812006718747,179.312657766754
1.17693068178924,179.43764016484
1.17572293488942,179.562622549795
1.1744986450702,179.687604922062
1.17325946572355,179.812587281666
1.17200681519055,179.937569628231
1.17074187552979,180.062551961057
1.16946557758921,180.187534279165
1.16817878254937,180.312516581437
1.1668824719423,180.437498866795
1.16557749198378,180.562481134372
1.16426441424579,180.687463383666
1.16294366006792,180.812445614682
1.16161578140245,180.937427828028
1.16028167989775,181.062410024977
1.15894262886677,181.187392207497
1.15760022235305,181.312374378235
1.15625635608134,181.437356540471
1.15491304169448,181.562338698039
1.15357232596163,181.687320855229
1.15223632029451,181.812303016671
1.15090717715021,181.937285187014
1.14958692703128,182.062267370891
1.14827735926656,182.187249572836
1.14698012061934,182.312231797183
1.14569679674415,182.437214047982
1.14443150298368,182.562196328944
1.14319313173516,182.687175247209
1.14197713216594,182.812139475626
1.14078270318272,182.937089128185
1.1396095338467,183.062023265038
1.13845596304513,183.186941002263
1.13732218566232,183.311843358884
1.13620862537036,183.436729979662
1.13511070099645,183.561599869967
1.13401965166297,183.686457827023
1.13292779752814,183.811316638287
1.13184233314245,183.936192922977
1.13075086516762,184.0610889548
1.12966041293903,184.186025897367
1.12861504682374,184.311008708244
1.12759999503037,184.435991541199
1.12661045538815,184.560974390964
1.12564467350525,184.685957252411
1.124701866354,184.810940120711
1.12378148722793,184.935922991236
1.12288306700465,185.060905859433
1.12200631378411,185.185888720747
1.12115121088217,185.31087157065
1.12031802740998,185.435854404783
1.11950723421044,185.560837219162
1.11871942321424,185.685820010406
1.11795530131576,185.810802775925
1.11721555347397,185.935785514149
1.11650082560366,186.060768224425
1.11581172065338,186.185750906921
1.11514869949434,186.310733562786
1.11451216575373,186.435716194036
1.11390249871257,186.560698803414
1.11331992311474,186.685681393972
1.11276454550581,186.810663970791
1.112236445499,186.935646536998
1.11173576136189,187.060629096167
1.11126270489811,187.185611651821
1.11081755081891,187.310594207183
1.11040063700902,187.435576765007
1.11001233648857,187.560559327473
1.10965315591087,187.685541896143
1.10932382488527,187.810524471987
1.10902539195663,187.93550705545
1.10875935510704,188.060489646572
1.10852690638743,188.18547224512
1.10832849532988,188.310454850729
1.10816328408051,188.435437463034
1.10803012856817,188.560420081777
1.1079287188176,188.68540270689
1.1078593954108,188.810385338542
1.10782261035183,188.935367977164
1.10781874777947,189.060350623437
1.10784821363675,189.185333278372
1.10791154385964,189.310315943206
1.10800943950962,189.435298619236
1.10814273330466,189.560281307847
1.10831243602796,189.685264010503
1.10851994720307,189.81024672873
1.10876691197624,189.935229464089
1.10905470180622,190.060212218177
1.10938412714548,190.185194992521
1.10975542971819,190.310177788613
1.11016836863126,190.435160607876
1.11062233129938,190.560143451611
1.11111646692126,190.685126320928
1.1116498074423,190.810109216682
1.11222139296861,190.935092139422
1.11283042826172,191.060075089344
1.11347614777179,191.185058066237
1.11415754956142,191.310041069445
1.1148733657021,191.435024097684
1.11562226459535,191.560007149384
1.11640309382158,191.684990222802
1.11721502854242,191.809973315718
1.11805775536525,191.934956425378
1.11893145364426,192.059939550422
1.11983668152289,192.184922684113
1.1207742860913,192.309905820923
1.12174505327362,192.434888956178
1.12274961841413,192.559872086403
1.12378846654953,192.684855207579
1.12486191175373,192.80983831551
1.12597006957061,192.934821406041
1.12711298842317,193.059804475171
1.1282906405467,193.184787519147
1.12950286167462,193.309770534516
1.13074929849675,193.434753518172
1.13202945833075,193.559736467383
1.13334272595584,193.684719379804
1.13468833469431,193.809702253474
1.13606531505181,193.934685086806
1.1374724990762,194.059667878557
1.13890855713512,194.184650627795
1.14037199336764,194.309633333859
1.14186110234745,194.434615996311
1.14337390618713,194.559598614889
1.14490820151864,194.684581189452
1.14646150117051,194.809563719945
1.14803097113569,194.934546206354
1.14961348382697,195.059528648671
1.15120570190148,195.184511046872
1.15280404097934,195.309493400892
1.15440454603597,195.434475710613
1.15600293854421,195.559457975857
1.15759481276112,195.684440196387
1.15917594502036,195.809422371918
1.16074255692843,195.93440450212
1.16229124714741,196.059386586635
1.16381888091594,196.184368625092
1.16532275667453,196.309350617129
1.16680084518677,196.434332562241
1.16825192365869,196.559314462276
1.16967542317313,196.684296315432
1.17107118028882,196.809278120823
1.17243924475192,196.934259874818
1.17377985404226,197.059241583195
1.17509329690717,197.18422324425
1.17637974651202,197.309204854063
1.17763924972117,197.434186419016
1.17887178122546,197.559167937712
1.18007708223212,197.684149410028
1.18125408358476,197.809130836442
1.18240142353229,197.934112217558
1.18351823157922,198.059093554735
1.18460395223636,198.184074850132
1.18565819829411,198.309056105576
1.18668074053691,198.434037322855
1.18767141393018,198.559018503819
1.18863032532246,198.683999650402
1.18955769265445,198.80898076463
1.19045359331063,198.933961848634
1.19131786795099,199.058942904651
1.19215008034222,199.183923935037
1.19294951615098,199.308904942271
1.19371516290549,199.433885928904
1.19444599578278,199.558866897703
1.19514127705745,199.683847851597
1.19580057960748,199.808828793649
1.19642378247851,199.933809727037
1.19701119986365,200.058790655034
1.19756345394043,200.183771580996
1.19808112687457,200.308752508346
1.1985647156908,200.433733440551
1.19901468222033,200.558714381109
1.19943148189003,200.683695333527
1.19981557425551,200.808676301298
1.20016742167705,200.933657287885
1.20048746464296,201.058638296693
1.20077608522111,201.183619331058
1.20103357549042,201.308600394228
1.20126017946293,201.433581489363
1.20145618583156,201.558562619522
1.20162182521221,201.68354378767
1.20175687489718,201.808524996676
1.20186084642046,201.933506249314
1.20193338436998,202.058487548267
1.20197379944233,202.183468896128
1.20198120482488,202.308450295383
1.20195478388123,202.433431748401
1.20189359227259,202.558413257416
1.20179704719515,202.683394824503
1.20166477761277,202.80837645156
1.2014962431035,202.933358140284
1.20129087601629,203.058339892149
1.20104809267997,203.183321708379
1.20076731351339,203.308303589929
1.20044809914962,203.433285537497
1.2000902082395,203.558267551437
1.19969387460094,203.68324963179
1.19925949712772,203.8082317783
1.19878733488863,203.933213990436
1.19827755992779,204.058196267422
1.19773047006298,204.183178608303
1.19714694656748,204.308161011978
1.19652796561928,204.433143477031
1.19587470523496,204.558126001652
1.19518865930118,204.683108583636
1.19447111920914,204.808091220409
1.19372331301239,204.933073909065
1.19295395772768,205.058056646512
1.19216636451878,205.183030581783
1.19136110849654,205.307989180856
1.19053682059425,205.432929087961
1.18969388623907,205.557851053458
1.18883601225571,205.682756540181
1.18796236240131,205.80764443678
1.18706601096684,205.932518369678
1.18616234975938,206.057391421833
1.18523300684745,206.182255080746
1.18427957163202,206.307133327663
1.18329059443603,206.432039087776
1.18231083771268,206.557000233985
1.18135234792024,206.681983288837
1.18040561933607,206.806966348426
1.17946820748735,206.931949412177
1.1785394291854,207.056932479247
1.17761840758946,207.181915548873
1.17670422042027,207.306898620802
1.17579653337421,207.431881694869
1.17489540628318,207.556864770531
1.17400136531272,207.681847847042
1.1731153170229,207.806830923826
1.17223794789224,207.931813999799
1.17136950389619,208.056797074423
1.17050919749037,208.181780147006
1.16965631271672,208.306763217841
1.16880995392831,208.431746287399
1.16796904786868,208.556729356702
1.16713241574711,208.681712427292
1.16629838494439,208.806695502022
1.16546469727666,208.931678582958
1.16462926380859,209.056661672697
1.16379012202587,209.181644773941
1.16294491704462,209.306627889278
1.16209163323361,209.431611020995
1.16122899821653,209.556594170948
1.16035607865165,209.681577340319
1.15947219151508,209.806560529613
1.15857691846442,209.931543738626
1.15766956515641,210.056526966444
1.1567496487308,210.181510211462
1.15581759335664,210.306493471389
1.15487394615497,210.431476743655
1.15391888692011,210.556460025426
1.15295246412839,210.681443313776
1.15197447645915,210.80642660583
1.15098440849983,210.931409898925
1.1499815956508,211.05639319077
1.14896517976112,211.181376479528
1.1479339868473,211.306359763848
1.14688669424827,211.431343042931
1.14582210455057,211.556326316575
1.14473951265207,211.681309584609
1.1436390494585,211.80629284944
1.14252140873841,211.931276113358
1.14138755003676,212.056259378899
1.14023856682914,212.181242648913
1.13907562523574,212.306225926525
1.13789986940074,212.431209215185
1.13671233839488,212.556192517409
1.1355140155847,212.681175836397
1.13430589103262,212.806159175467
1.13308898068497,212.931142537838
1.13186422635481,213.056125926546
1.13063245508322,213.181109344406
1.12939450377792,213.306092793955
1.12815141760473,213.431076277381
1.12690449205991,213.55605979645
1.12565514423959,213.681043352419
1.12440478919661,213.806026945954
1.1231550452859,213.931010576988
1.12190772294146,214.055994244831
1.12067458473447,214.180977948013
1.11946153564417,214.305949659359
1.11826496896254,214.43089928472
1.11708419033568,214.555827311485
1.11592227544676,214.680734977019
1.11477192212829,214.805620633427
1.11363988801349,214.930494936434
1.11250357494397,215.055357040351
1.11135380988926,215.180239928721
1.11021697801591,215.305176087048
1.10914026486843,215.43015989455
1.10811156622995,215.555143679693
1.10712916451345,215.680127436417
1.10619445275645,215.805111158665
1.10530971833853,215.930094841399
1.10447734577184,216.055078480817
1.1036994988272,216.180062073812
1.10297794450262,216.305045617645
1.10231400348838,216.430029112598
1.10170853713272,216.555012558525
1.10116192205124,216.679995951037
1.10067409454113,216.804979286866
1.10024463564553,216.929962563581
1.09987281774422,217.054945779578
1.09955763867236,217.179928934484
1.09929785871877,217.304912029186
1.09909203223999,217.429895065511
1.09893854079598,217.554878046052
1.0988356649992,217.679860974007
1.09878167483264,217.804843853001
1.0987748898658,217.929826683968
1.09881371577296,218.054809476415
1.09889666168085,218.179792239478
1.09902235606348,218.304774972361
1.09918959518503,218.429757676521
1.09939733914719,218.554740353875
1.0996447056862,218.679723006055
1.09993097615573,218.804705634007
1.10025559110706,218.929688237806
1.10061812259686,219.054670816595
1.10101824263715,219.179653368646
1.1014557192085,219.304635891502
1.10193040441681,219.42961838219
1.1024422152956,219.554600837449
1.10299115366805,219.679583253948
1.10357735133499,219.804565628502
1.1042010883233,219.929547958869
1.1048628054441,220.054530243157
1.10556308644857,220.179512480211
1.10630261192396,220.304494669897
1.1070821117808,220.429476813333
1.10790231720273,220.554458913098
1.10876391014489,220.679440973447
1.10966747253738,220.804423000351
1.11061343484466,220.929405001361
1.1116022694422,221.054386985372
1.11263468400617,221.179368962239
1.1137113402632,221.304350942294
1.11483274400255,221.429332940641
1.11601027221122,221.554314964994
1.11723358998873,221.679297017033
1.11849850169265,221.804279109926
1.11982258249294,221.929261259879
1.12119208693172,222.054243471254
1.12260739765744,222.179225744942
1.12407128234605,222.30420809206
1.1255851477629,222.429190520271
1.12714843767969,222.554173034827
1.12875909582166,222.679155639204
1.13041423033607,222.804138335362
1.1321106095463,222.92912112392
1.13384492434524,223.054104004331
1.13561393293436,223.179086975061
1.13741452930165,223.304070033759
1.1392436145326,223.429053177499
1.14109810216865,223.554036402794
1.14296358553473,223.679019705716
1.14484958445127,223.804003082242
1.1467598632184,223.928986528289
1.148671895371,224.053970039703
1.15059809388585,224.178953612176
1.15253624411094,224.303937241428
1.15448183189928,224.428920923176
1.15643143248525,224.553904653127
1.15838301475368,224.678888427012
1.16033542275826,224.803872240635
1.16228774216817,224.928856089897
1.1642390177222,225.053839969771
1.16618804602228,225.178823876043
1.16813333503743,225.303807804845
1.17007299408885,225.428791752258
1.17200460649434,225.553775714371
1.17392487108693,225.678759694594
1.1758299487224,225.803743679944
1.17771597314482,225.928727667506
1.17957888796941,226.05371165494
1.18141442564837,226.178695639842
1.18321771024127,226.303679629456
1.18498360222207,226.428663608586
1.18670710184459,226.553647581025
1.18838376514692,226.67863154518
1.19000993729027,226.803615497922
1.19158281059008,226.928599436307
1.19310035489074,227.05358335775
1.19456125407981,227.178567260038
1.19596479429947,227.303551141257
1.19731050446059,227.428535010155
1.1985982589376,227.55351886151
1.19982809757319,227.678502691259
1.20100070927127,227.803486495065
1.20211739685808,227.928470271435
1.20317998820088,228.053454019054
1.20419029914156,228.178437739148
1.2051503653978,228.303421429841
1.20606225284236,228.428405086874
1.20692742931341,228.553388710379
1.20774689422594,228.678372300412
1.2085213203293,228.803355856844
1.20925107684545,228.928339379578
1.20993625399894,229.05332286858
1.21057663107823,229.178306323933
1.21117158897713,229.303289745627
1.21172007335745,229.428273133555
1.21222067769904,229.553256487473
1.21267191245927,229.678239806948
1.21307215268444,229.803223091334
1.21341970713245,229.928206339754
1.21371284187401,230.053189551105
1.21394993273119,230.178172724174
1.21412961092584,230.303155857921
1.21425081975072,230.428138951276
1.21431282287844,230.553122002955
1.21431521068767,230.678105011632
1.21425785386855,230.803087976118
1.21414097655167,230.928070895443
1.21396498797824,231.053053767834
1.21373032609095,231.178036595996
1.21344691341869,231.303019382778
1.21311258763332,231.427990511642
1.21272546132826,231.55294731115
1.21228471507801,231.677889224894
1.21179151786423,231.802816139478
1.21124363621936,231.927726344964
1.21064127287709,232.052621880545
1.20998470887737,232.177503679721
1.20927111469855,232.302372668723
1.20850018943264,232.427233782394
1.20766838628607,232.552091161177
1.20678632846993,232.676953609203
1.20581900579739,232.801815481484
1.20479649298474,232.926720697002
1.20375599716267,233.051656855038
1.20264434930871,233.1765826634
1.20149233374681,233.301545594611
1.20031562463796,233.426527988567
1.19910751426303,233.55151038089
1.1978667849967,233.676492771595
1.19659386811535,233.801475160283
1.1952897580537,233.926457546268
1.19395575098435,234.051439929551
1.19259344570538,234.17642230897
1.19120481836441,234.301404683847
1.18979226941599,234.426387053292
1.18835856432983,234.551369416279
1.18690667184968,234.676351772086
1.18543960643628,234.801334120332
1.18396033839079,234.926316461044
1.18247175848962,235.051298794592
1.1809766368734,235.176281121745
1.17947753728019,235.301263443651
1.17797672686831,235.426245761773
1.17647613200511,235.551228077627
1.17497735572954,235.676210392791
1.17348174720067,235.801192708823
1.17199050890718,235.926175027119
1.1705048371582,236.051157348805
1.1690260352425,236.17613967464
1.16755544339343,236.301122004954
1.16609438848997,236.426104339611
1.16464422438342,236.551086678033
1.16320633707816,236.676069019256
1.16178209977734,236.80105136204
1.16037284811929,236.926033705004
1.15898006909003,237.051016046788
1.15760545202869,237.175998386206
1.15625048043806,237.300980722392
1.15491635672284,237.425963054906
1.15360412069953,237.550945383814
1.15231462917239,237.675927709722
1.15104849035934,237.800910033623
1.14980625937442,237.925892357623
1.14858850904275,238.050874684166
1.14739542613373,238.175857015948
1.1462267583384,238.300839355855
1.14508192568223,238.425821706892
1.14396012596318,238.550804072105
1.14286036831869,238.675786454815
1.14178144464658,238.800768856974
1.14072201014129,238.9257512811
1.13968066777403,239.050733729782
1.13865599202918,239.175716205522
1.13764656989307,239.300698710647
1.13665107133503,239.425681247258
1.13566825071428,239.550663817183
1.13469689213616,239.675646421951
1.13373582016273,239.800629062819
1.13278400104328,239.92561174058
1.13184065783486,240.050594455429
1.13091502603163,240.175577207136
1.13000485163504,240.300548030669
1.12910776099264,240.425503799025
1.12822401233203,240.550444173677
1.12735265843141,240.675368001447
1.12649353867566,240.800276069038
1.12564888451324,240.925169269139
1.12481544361266,241.050046057739
1.12398817008112,241.174910594117
1.12315943795004,241.299771754685
1.12233407074664,241.424645016635
1.12150438533692,241.549534795197
1.12066987878395,241.674457652786
1.11986546269639,241.799426345321
1.11909488182565,241.924409399078
1.11835067285052,242.049392452123
1.11763069551183,242.174375501267
1.11693454755447,242.299358543652
1.11626267524588,242.424341576781
1.11561612660684,242.549324598399
1.11499627800807,242.67430760638
1.11440456745131,242.799290598689
1.11384239544877,242.924273573417
1.11331109389978,243.049256528899
1.11281138089194,243.174239463845
1.11234352686,243.299222377484
1.11190773479124,243.424205269729
1.1115042777197,243.549188141108
1.11113351161071,243.674170992716
1.1107957222147,243.79915382623
1.110490697897,243.924136643845
1.11021756189037,244.049119448171
1.10997503642316,244.174102242097
1.10976182936437,244.299085028636
1.10957689627111,244.424067810761
1.10941949241241,244.549050591248
1.10928910329551,244.674033372522
1.10918545885777,244.799016156525
1.10910852415727,244.923998944629
1.10905833102817,245.04898173705
1.10903480914367,245.173964536333
1.10903769948056,245.298947342892
1.10906655228921,245.423930156137
1.10912077328728,245.548912975702
1.10919968203803,245.67389579767
1.10930257399449,245.798878618525
1.10942879346866,245.923861438853
1.1095777985172,246.048844255615
1.10974919097949,246.173827066887
1.10994271396112,246.298809871345
1.11015824695099,246.423792668162
1.11039579229074,246.548775456951
1.11065544838018,246.673758237726
1.11093745304239,246.798741011172
1.11124220878948,246.923723778099
1.11157026229516,247.04870653953
1.11192228593137,247.173689296696
1.11229907598395,247.298672050999
1.11270155032164,247.423654803972
1.11313064391657,247.548637557216
1.11358717241178,247.67362031235
1.11407185101645,247.798603070945
1.11458541667025,247.923585834471
1.11512867775283,248.048568604242
1.115702531142,248.173551381352
1.11630796098801,248.298534166632
1.11694601356384,248.423516960594
1.11761770426071,248.548499763414
1.11832394129024,248.673482574913
1.11906552102684,248.798465394559
1.11984312609297,248.923448221503
1.12065731192085,249.04843105454
1.12150846570193,249.173413891874
1.12239678172226,249.298396731547
1.12332228422037,249.423379575655
1.12428482206693,249.548362419227
1.12528402990176,249.673345258278
1.12631934813766,249.798328089235
1.12739000298308,249.923310911084
1.1284950046501,250.048293722133
1.12963317684475,250.173276520397
1.13080320134183,250.298259303794
1.1320036132831,250.423242070216
1.1332328658954,250.548224817568
1.13448943841271,250.673207543798
1.13577173886241,250.798190246909
1.13707806736574,250.923172924975
1.13840680667084,251.04815557617
1.13975643248464,251.173138198762
1.1411253846568,251.298120791129
1.14251219681709,251.423103351775
1.14391560575813,251.548085879352
1.1453343727186,251.673068372659
1.14676714402455,251.798050830671
1.14821252799988,251.923033252546
1.1496691974817,252.048015637645
1.15113596137763,252.172997985544
1.15261174990616,252.297980296049
1.15409552143721,252.422962569211
1.15558632665221,252.547944805329
1.15708342894203,252.672927004957
1.15858633178162,252.797909168895
1.16009467227547,252.922891298185
1.16160807099595,253.047873394027
1.16312609370732,253.172855459351
1.16464811469077,253.297837493832
1.16617325523813,253.422819499815
1.16770022345521,253.547801479593
1.16922727462955,253.67278343549
1.17075209313391,253.797765369904
1.17227199759532,253.922747285309
1.17378414368493,254.047729184237
1.17528577214464,254.172711069256
1.17677452198546,254.297692942951
1.17824849261921,254.422674807902
1.17970611326034,254.547656666672
1.18114601720303,254.672638526513
1.18256709169233,254.797620387899
1.18396843134408,254.922602251428
1.18534913192206,255.047584112432
1.18670817947378,255.172565976193
1.18804442175669,255.297547846773
1.18935661204011,255.422529727414
1.19064339698171,255.547511620912
1.19190333346338,255.672493529759
1.19313498628134,255.797475456206
1.19433697584357,255.922457402293
1.19550797333175,256.047439369845
1.19664675467893,256.17242136047
1.19775238840656,256.297403375547
1.19882423488461,256.422385416216
1.19986183292068,256.547367483369
1.20086475837911,256.672349577643
1.20183251626666,256.797331699421
1.20276457719361,256.922313848841
1.20366047108934,257.0472960258
1.20451967324436,257.172278229977
1.20534135165497,257.297260460858
1.20612427771875,257.422242717759
1.20686690916165,257.547224999871
1.20756751158491,257.672207306294
1.20822449030353,257.797189636075
1.20883648263836,257.922171988274
1.20940211122328,258.047154361919
1.20992002455263,258.17213675611
1.21038893968822,258.297119169985
1.21080760350496,258.422101602804
1.21117486108515,258.547084053916
1.21148993921533,258.672066522814
1.21175253089566,258.797049009183
1.21196253189793,258.922031512894
1.21211977015055,259.047014034054
1.21222403892853,259.171996572769
1.21227515225417,259.296979129025
1.21227288215989,259.421961702713
1.2122169454078,259.546944293626
1.21210723491053,259.671926901466
1.21195065791466,259.796909525854
1.21175132872301,259.921883925279
1.21150599767461,260.046841151191
1.21121099129098,260.171779329978
1.21086497542671,260.296699881235
1.21046878968335,260.421603963169
1.21002028900838,260.546490967165
1.20951625166195,260.671363495751
1.20894361957348,260.796227124171
1.20832048263719,260.921101668592
1.20762689636403,261.045977395971
1.20685922253224,261.17087904269
1.20603707171819,261.295825153412
1.20519389612464,261.420807929614
1.20431743319155,261.545790710823
1.2034048634221,261.670773496423
1.20245603674965,261.795756285312
1.20147155790439,261.920739076204
1.20045229001226,262.045721867696
1.19939942283603,262.170704658178
1.19831459962375,262.295687445739
1.19719990560284,262.420670228174
1.19605768705532,262.545653003117
1.19489027277677,262.670635768264
1.19369972329574,262.795618521621
1.19248779484318,262.920601261737
1.19125594067234,263.045583987892
1.1900052694311,263.170566700206
1.18873644846881,263.295549399695
1.18744970216325,263.420532088221
1.18614501459634,263.545514768228
1.18482231112496,263.670497442738
1.18348160053277,263.795480115239
1.18212303300061,263.920462789372
1.18074688816433,264.04544546886
1.17935347984704,264.17042815735
1.17794305898412,264.295410858116
1.17651581030902,264.420393574124
1.175071929024,264.545376307853
1.17361171053478,264.670359061145
1.17213562316324,264.795341835136
1.17064430694102,264.920324630274
1.16913845646811,265.045307446337
1.16761873357916,265.170290282535
1.16608574515771,265.295273137652
1.16454013143623,265.420256010205
1.16298257034707,265.545238898607
1.16141386409057,265.67022180131
1.15983502805721,265.795204716915
1.15824725206996,265.920187644271
1.15665170901555,266.045170582537
1.15504953707926,266.170153531217
1.15344187944699,266.295136489785
1.15182985824133,266.420119459454
1.15021465685783,266.545102441423
1.14859763911621,266.670085436986
1.14698030385958,266.795068447628
1.14536411887056,266.920051475048
1.14375048859739,267.045034521127
1.14214077227796,267.170017587895
1.1405360966947,267.295000677466
1.13893741812347,267.419983791561
1.13734570146293,267.544966932302
1.13576199880317,267.669950101891
1.13418747816087,267.794933302473
1.13262341955706,267.919916536062
1.13107121266823,268.04489980448
1.12953239345174,268.169883109304
1.12800863349689,268.294866451811
1.12650170393,268.41984983291
1.12501341110758,268.544833253076
1.12354550308741,268.669816712289
1.12209957875185,268.794800210038
1.12067725818439,268.919783744898
1.11928035872761,269.044767315327
1.11791058218609,269.169750919048
1.11656937253864,269.294734553128
1.11526435366818,269.419718214059
1.11400210144053,269.544693873914
1.1127793918111,269.669650617238
1.11159404919567,269.794586725977
1.11044485127723,269.919502527712
1.10933411890883,270.044399401866
1.10825775004464,270.169275799187
1.10721023848479,270.294137572756
1.10617577642121,270.418995867092
1.10515302679991,270.543878916828
1.10420894117868,270.668807105141
1.10324886700283,270.793714843117
1.10236546910045,270.918698449545
1.10154214246254,271.043682025913
1.10077425721452,271.168665570125
1.10006075538656,271.293649079568
1.09940162730852,271.418632552411
1.09879709923031,271.54361598747
1.09824737796015,271.668599383871
1.09775256118421,271.793582740759
1.09731260336179,271.918566057169
1.09692731773102,272.043549332035
1.09659635423744,272.168532563981
1.09631920242781,272.293515752503
1.09609520143635,272.418498895176
1.09592357016716,272.543481990496
1.095803433411,272.668465036835
1.09573385036857,272.793448038753
1.09571383924714,272.918431000423
1.09574240176722,273.043413920569
1.09581855655737,273.16839680053
1.09594134483188,273.293379642872
1.09610980758774,273.418362448749
1.0963229840212,273.543345225994
1.09657991544324,273.66832798162
1.09687963858659,273.793310715116
1.09722115843546,273.91829342756
1.0976034113592,274.043276120199
1.09802527979542,274.168258793897
1.0984856183601,274.293241448847
1.09898324079781,274.41822408447
1.09951692533541,274.543206699428
1.10008546542013,274.66818929172
1.10068767635847,274.79317185884
1.10132239692507,274.918154397872
1.10198860895918,275.043136906383
1.10268558316652,275.168119381732
1.10341288956687,275.293101821451
1.10417032270338,275.418084223493
1.10495795736778,275.543066586422
1.10577617382134,275.668048909599
1.10662558466899,275.793031193352
1.10750694629726,275.918013439149
1.10842106940473,276.042995649726
1.10936884194549,276.167977829118
1.110351262988,276.29295998265
1.11136956632801,276.417942116865
1.11242532371512,276.542924239358
1.1135202944353,276.66790635849
1.1146562492852,276.792888486648
1.11583485499968,276.917870625558
1.1170576857401,277.042852790426
1.11832618141275,277.167834982145
1.11964155350989,277.292817210224
1.12100458648571,277.417799481776
1.12242678789258,277.542781801681
1.12389739725264,277.667764176842
1.12539956637891,277.792746612342
1.1269611455066,277.917729111811
1.12857378102818,278.04271167779
1.13021862335838,278.167694311809
1.13190911330402,278.292677014422
1.1336446378482,278.41765978546
1.13542083129553,278.542642624092
1.13723308520397,278.667625528892
1.13907755229339,278.792608498032
1.14095115137778,278.917591529199
1.14285125437023,279.042574619773
1.14477536435475,279.167557766938
1.14672100460338,279.292540967744
1.14868569463308,279.417524219133
1.15066682609361,279.542507517995
1.15266158982462,279.66749086118
1.15466712078876,279.792474245506
1.15668054148534,279.917457667779
1.15869882183126,280.042441124823
1.1607187512043,280.167424613501
1.16273695744712,280.292408130742
1.16474995628123,280.417391673571
1.16675429097899,280.542375239137
1.16874664823375,280.667358824746
1.1707238926671,280.792342427887
1.1726829910048,280.917326046648
1.17462091237503,281.042309679282
1.17653453369349,281.167293323878
1.17842055126208,281.29227697861
1.18027558032766,281.417260641822
1.1820964782991,281.542244312041
1.18387954249299,281.667227987953
1.18562081241904,281.792211668371
1.18731644282388,281.917195346435
1.18896294050734,282.042179022938
1.1905574697965,282.167162704536
1.19209813593222,282.292146382237
1.19358378730021,282.417130062553
1.19501397758604,282.542113750388
1.19638873156588,282.667097441678
1.19770835684406,282.792081132793
1.19897333715926,282.917064820828
1.20018432531101,283.042048497774
1.20134204894218,283.167032163685
1.20244726247027,283.29201581811
1.20350071201752,283.416999464931
1.20450313373059,283.541983100834
1.20545504520201,283.66696672546
1.20635708436473,283.791950335624
1.20721024717843,283.916933927179
1.20801570732555,284.041917496553
1.20877454713478,284.166901046871
1.2094873596042,284.291884576907
1.21015419900669,284.416868085515
1.21077480079672,284.541851571817
1.21134881976409,284.666835035006
1.21187598237091,284.791818464597
1.21235606313109,284.916801865682
1.212788734568,285.0417852413
1.21317352438631,285.166768601116
1.21350976752415,285.291751940378
1.2137965849065,285.416735255245
1.21403300226904,285.541718543155
1.21421814072253,285.666701802213
1.21435133305118,285.791685030838
1.21443219916941,285.916668227598
1.21446069684708,286.04165139117
1.21443713502505,286.166634520371
1.21436210750685,286.291617614144
1.2142363844596,286.416600671604
1.21406082899816,286.541583692113
1.21383633510631,286.666566675443
1.21356378376081,286.79154962181
1.21324405189121,286.916532531568
1.2128780187464,287.04151540356
1.21246646825836,287.166498242132
1.21201311958722,287.291481051119
1.21152682741066,287.416460032681
1.21100421768808,287.541423043219
1.21044331873007,287.666367858257
1.20984103489061,287.791293598143
1.20919791678429,287.916202138988
1.2085101421632,288.041092613183
1.20777327525582,288.165968759858
1.20697965724751,288.290836978472
1.20612589902503,288.415709449736
1.20519899797308,288.540597067852
1.2042016339292,288.665523567756
1.20318166541809,288.790500945002
1.20212921574107,288.915483503008
1.20103830009424,289.040466055419
1.19990745300034,289.165448603546
1.1987368601805,289.290431148226
1.19752759128028,289.415413690099
1.19628130557982,289.540396229598
1.19500012213619,289.665378766822
1.193686538592,289.790361301448
1.19234332198167,289.915343832733
1.19097346124416,290.040326359648
1.18958011900887,290.165308881021
1.1881665654119,290.290291395783
1.18673611565375,290.415273903273
1.18529205801421,290.540256403
1.18383757960274,290.665238894939
1.18237571181841,290.79022137956
1.18090929716073,290.915203857832
1.17944095537202,291.04018633119
1.17797303355526,291.165168801457
1.17650755075585,291.290151270736
1.17504617393844,291.415133741277
1.17359024549968,291.54011621534
1.17214079317942,291.665098695053
1.17069851091865,291.790081182269
1.16926393587752,291.915063678475
1.16783748535945,292.04004618466
1.16641946375367,292.165028701252
1.16501021762982,292.290011228073
1.16361011161668,292.414993764335
1.16221935206951,292.539976308695
1.16083799446551,292.664958859364
1.15946605216302,292.789941414252
1.15810366156898,292.914923971131
1.15675106260208,293.039906527805
1.15540848190469,293.164889082262
1.1540761164259,293.289871632804
1.15275414318764,293.414854178142
1.15144276247054,293.539836717138
1.15014231887959,293.664819250679
1.14885317358988,293.789801778106
1.14757563101286,293.914784301802
1.14631001272216,294.039766821668
1.14505677546087,294.164749340761
1.14381656874523,294.289731861969
1.14259017964769,294.414714388019
1.14137841711679,294.539696923409
1.14018205104802,294.664679471355
1.1390016467633,294.789662035066
1.13783758957587,294.914644618273
1.13669022814998,295.039627224847
1.13555970773156,295.164609858612
1.13444586529243,295.289592523236
1.13334852114356,295.414575222132
1.13226759322427,295.5395579584
1.13120290380435,295.66454073479
1.13015416519406,295.789523553667
1.12912112933114,295.914506416978
1.12810361207326,296.0394893262
1.12710138876523,296.164472282315
1.12611423529747,296.289455285773
1.12514204114595,296.41443833646
1.1241847722387,296.539421433673
1.12324232903216,296.664404576102
1.1223145727906,296.789387761822
1.12140146233081,296.914370988299
1.12050829390667,297.039354252416
1.1196416754533,297.164330941158
1.11879666592475,297.289289328009
1.11796370791389,297.414228142266
1.11715637502917,297.539155596827
1.11636361538198,297.664057030715
1.11558165289849,297.788939657854
1.11480316730909,297.913809047273
1.11401461459084,298.038677026386
1.11321162219809,298.163567212186
1.11239948414802,298.288499390631
1.11162833124512,298.41348276497
1.11088282073059,298.53846612562
1.11015844665559,298.663449470336
1.10945426570965,298.788432796995
1.10877066870345,298.913416104126
1.1081086229247,299.038399390895
1.10746925963795,299.163382656881
1.1068536637888,299.288365901793
1.10626296005106,299.413349125253
1.1056983363011,299.538332326683
1.10516099345136,299.663315505424
1.1046520949612,299.788298660643
1.10417273249865,299.913281791435
1.10372390715836,300.038264897026
1.10330653256383,300.163247976952
1.10292146245085,300.288231031162
1.10256951897757,300.413214060071
1.10225150031487,300.538197064545
1.10196818644769,300.663180045842
1.1017203360076,300.788163005542
1.1015087189047,300.913145946558
1.10133417775032,301.038128869711
1.10119764488902,301.163111776557
1.10110004004818,301.288094668904
1.10104218302629,301.413077548483
1.10102475892768,301.53806041674
1.10104831250051,301.663043274739
1.10111326953,301.788026123102
1.10121995629122,301.913008959974
1.10136863068815,302.037991788605
1.10155947037195,302.162974609394
1.10179255618334,302.287957421521
1.10206785835763,302.412940223567
1.10238528566943,302.537923015154
1.10274472348994,302.66290579252
1.10314605177176,302.787888553326
1.10358916221503,302.912871295862
1.1040739581571,303.037854018982
1.10460033781954,303.162836722192
1.10516818670306,303.28781940515
1.10577736675986,303.41280206576
1.106427719311,303.53778470738
1.10711905556369,303.662767332178
1.10785115518596,303.787749942382
1.10862377562109,303.91273254067
1.10943665422624,304.03771513025
1.11028950362009,304.162697714813
1.11118199650893,304.287680298429
1.11211379247665,304.412662885392
1.11308454610097,304.537645480076
1.1140938985301,304.662628086799
1.11514147062989,304.787610709685
1.11622686291946,304.912593352554
1.11734966208741,305.037576022089
1.11850942577974,305.162558719411
1.11970567068007,305.287541445642
1.12093784922082,305.412524201707
1.12220535624431,305.537506987991
1.12350752706027,305.662489804153
1.12484362806461,305.787472652193
1.12621282191472,305.912455532888
1.127614140633,306.037438446253
1.12904649233482,306.162421391705
1.1305086653858,306.287404368448
1.13199933666688,306.412387375463
1.13351708016308,306.537370411524
1.13506037317312,306.662353475241
1.13662760391726,306.78733656511
1.13821708614897,306.912319679556
1.13982708564477,307.037302816984
1.14145585413916,307.162285975805
1.14310167420077,307.287269154467
1.14476289184531,307.412252351488
1.14643792277369,307.537235565526
1.14812524966149,307.662218795248
1.14982341520676,307.787202039423
1.15153098159254,307.912185296915
1.1532464934959,308.037168566672
1.15496847393779,308.162151847728
1.15669551929746,308.287135139188
1.15842596802042,308.412118440224
1.16015778374566,308.537101750059
1.1618889638988,308.662085067958
1.1636177369108,308.787068393221
1.16534266984556,308.912051725182
1.16706264382403,309.037035063202
1.16877660515764,309.162018406668
1.17048344819153,309.287001755008
1.17218214372904,309.411985107696
1.17387179947238,309.536968464278
1.17555158246845,309.661951824384
1.17722060544401,309.786935195728
1.17887780251056,309.9119185761
1.18052183883402,310.036901963583
1.18215110925779,310.161885356909
1.18376408299309,310.286868755358
1.18535959442122,310.411852144388
1.18693705176781,310.536835544528
1.18849630862827,310.661818939497
1.19003752055016,310.786802333884
1.19156100355215,310.911785745829
1.19306704546471,311.036769171711
1.19455574057139,311.161752608579
1.19602688513219,311.286736054636
1.19747997797636,311.411719508768
1.1989142951999,311.536702970239
1.20032901432496,311.661686438489
1.20172325106173,311.786669912983
1.20309596918893,311.911653380555
1.20444598638139,312.036636858445
1.20577185711579,312.161620344182
1.20707181529155,312.286603834644
1.20834375615896,312.411587327196
1.20958539598361,312.536570819351
1.21079446963138,312.661554308609
1.2119686964102,312.7865377924
1.21310564516166,312.911521258749
1.21420265949586,313.036504709883
1.21525686635218,313.161488155043
1.21626510533605,313.286471588613
1.21722394597972,313.411455005421
1.21813000517613,313.536438401697
1.21898008411851,313.661421774438
1.21977110093503,313.786405121291
1.22050014245103,313.91138844048
1.22116447921188,314.036371725915
1.22176175015051,314.161354985702
1.22229003654827,314.286338217853
1.22274767379195,314.411321420917
1.22313329868661,314.536304594464
1.22344596675417,314.6612877383
1.2236852071556,314.786270852289
1.2238705753107,314.911253936308
1.22398422414946,315.03621300689
1.22402967687562,315.161158043372
1.22400571222834,315.286086193982
1.22391374614048,315.41099834269
1.22375263326493,315.535893564746
1.22351954249267,315.660773716391
1.22321207613984,315.785644208087
1.2228262366811,315.910512254387
1.22235439622981,316.035388710679
1.22179206744441,316.160291426645
1.22116032458975,316.285239106085
1.22049001175798,316.410221846359
1.21976851491456,316.53520456189
1.2189923683571,316.660187254546
1.21816066325476,316.785169925832
1.21727323424411,316.910152577153
1.21633016884231,317.035135209886
1.21533160637217,317.160117825225
1.21427763924277,317.28510042404
1.21316831389295,317.410083006852
1.21200366862998,317.535065573879
1.21078375445275,317.660048125189
1.20950863092611,317.785030660894
1.20817841095024,317.910013181342
1.20679336169311,318.034995687273
1.20535415003007,318.159978179918
1.20386207784895,318.284960661146
1.20231907990658,318.409943133086
1.20072752716443,318.534925598305
1.19908999371092,318.659908059711
1.19740909413763,318.784890520472
1.19568744329176,318.909872983868
1.19392771555351,319.034855453142
1.19213243717133,319.159837931383
1.1903036584591,319.284820421145
1.1884429451108,319.409802924677
1.18655159908015,319.534785443505
1.18463093619872,319.659767978484
1.1826825230038,319.784750529787
1.18070826557336,319.909733096939
1.17871034674528,320.034715678891
1.1766911009519,320.159698274173
1.17465291368317,320.28468088105
1.17259816385647,320.40966349768
1.17052919000695,320.534646122265
1.16844830104079,320.659628753206
1.16635776453035,320.784611389212
1.16425973216295,320.909594029397
1.16215619673243,321.034576673333
1.16004898570756,321.159559320636
1.15793984635067,321.284541972924
1.15583060965336,321.409524631735
1.1537233759193,321.534507298831
1.15162063036794,321.65948997627
1.14952494970164,321.784472667014
1.14743889653567,321.909455372157
1.14536489074437,322.034438093705
1.14330503999744,322.159420835279
1.14126132938513,322.284403599594
1.1392357739617,322.409386389516
1.13723012362702,322.534369207905
1.13524598712565,322.65935205752
1.13328517508373,322.784334940951
1.13134948286066,322.909317860545
1.12944042332675,323.034300818345
1.12755960099877,323.159283816036
1.12570891253728,323.284266854891
1.12389025723249,323.409249935735
1.12210534771823,323.534233058907
1.12035597358702,323.659216224248
1.11864413731962,323.784199431092
1.11697185668229,323.909182678205
1.11534090703377,324.034165963958
1.11375286037462,324.159149286279
1.11220912556899,324.284132642596
1.11071082576242,324.409116029872
1.10925878217786,324.534099444668
1.1078536819292,324.659082883797
1.10649619746525,324.784066341637
1.10518710860414,324.909049814712
1.10392732672117,325.0340332991
1.10271956368941,325.15901679076
1.1015759138037,325.283997970844
1.10047999112438,325.408961311818
1.09945863416799,325.533919950674
1.09848819945258,325.658843655912
1.09755641717259,325.783748740127
1.09670020896981,325.908653772213
1.09588541622159,326.033521619865
1.0951037314083,326.158380414022
1.09434612152149,326.283248500727
1.09367739610213,326.408148742343
1.09302615959638,326.533013968913
1.09238138351518,326.657908255467
1.09179628353883,326.782867893839
1.09128157427537,326.90785120274
1.09082599939166,327.032834495179
1.09042560285492,327.15781777325
1.09007870548845,327.28280103574
1.08978433029967,327.407784281205
1.0895417049736,327.532767508782
1.0893501286155,327.657750717373
1.08920892945919,327.782733908272
1.08911747793006,327.907717082751
1.08907519688714,328.032700237235
1.08908156989654,328.15768336879
1.08913613667278,328.282666474911
1.0892384744028,328.407649553546
1.0893881767494,328.532632603163
1.08958483767705,328.657615622811
1.08982802980462,328.78259861146
1.0901172954734,328.907581572322
1.09045212738826,329.032564507353
1.09083196411314,329.157547418475
1.09125619202705,329.282530307625
1.09172415491972,329.407513177753
1.09223514231248,329.532496027471
1.09278839118695,329.657478860551
1.09338309105041,329.782461676981
1.0940184278026,329.90744447729
1.09469358103797,330.032427261824
1.09540769803544,330.15741003045
1.09615990233249,330.282392782481
1.0969493427417,330.407375516848
1.09777518800572,330.532358231763
1.09863660250542,330.657340924985
1.09953273540455,330.782323594037
1.10046275644906,330.907306236393
1.10142593236916,331.032288849648
1.10242169259309,331.157271431675
1.10344964021034,331.282253980757
1.10450952465685,331.407236495722
1.10560127685001,331.532218976063
1.10672487510366,331.657201422044
1.10788025705807,331.78218383477
1.10906753805553,331.90716621619
1.11028703858168,332.032148565912
1.11153925251768,332.157130891248
1.11282478535641,332.282113198243
1.11414428765131,332.407095492911
1.11549838773442,332.532077781556
1.11688762713445,332.657060070712
1.11831243175756,332.782042366937
1.11977315248294,332.907024676609
1.12127006701516,333.03200700819
1.1228032972601,333.156989365721
1.12437278246641,333.281971753087
1.12597829128015,333.406954173801
1.12761946650865,333.531936630631
1.12929590036449,333.656919126101
1.13100713636377,333.781901663476
1.13275260496749,333.906884245001
1.13453156632545,334.031866872193
1.13634304799946,334.156849546006
1.13818577239583,334.281832266929
1.14005813406553,334.406815035067
1.1419582204488,334.531797850203
1.14388383520951,334.656780711862
1.14583251867601,334.781763619364
1.14780158807708,334.906746571874
1.14978820418688,335.031729568454
1.15178944389374,335.156712608114
1.15380235392307,335.281695689842
1.15582398368493,335.406678812656
1.15785136029584,335.531661975609
1.15988141416281,335.656645177794
1.16191096145698,335.781628418367
1.1639367285277,335.906611696548
1.16595538729349,336.031595011631
1.16796361286077,336.156578362973
1.16995812321868,336.281561749983
1.17193578586252,336.40654517211
1.17389367066782,336.531528628809
1.17582909326683,336.656512119522
1.17773959096291,336.78149564364
1.17962283230304,336.906479200471
1.18147650432803,337.031462789207
1.18329824880233,337.156446408903
1.18508558574831,337.281430058461
1.1868358274576,337.40641373663
1.18854606270835,337.531397442076
1.19021321287779,337.656381173268
1.19183423700298,337.781364928507
1.19340663253091,337.906348705904
1.19492887783044,338.031332503582
1.19640050734467,338.156316320225
1.1978218545841,338.281300153957
1.19919375640471,338.406284009713
1.20051736129149,338.531267885198
1.20179407471143,338.656251777066
1.20302547393696,338.781235682168
1.20421317946977,338.906219595535
1.20535868650014,339.03120351768
1.20646328970173,339.156187446254
1.20752801406318,339.281171379141
1.20855359796712,339.406155314491
1.20954049163201,339.531139250612
1.21048888688208,339.656123185897
1.21139881739589,339.781107118772
1.2122702390599,339.90609104765
1.21310297207621,340.031074956429
1.21389669752403,340.156058849104
1.21465095607558,340.281042741781
1.21536501352672,340.406026629894
1.21603779509811,340.531010508779
1.21666793741284,340.655994374701
1.21725393615681,340.780978224497
1.21779425111165,340.90596205539
1.21828738046097,341.030945864876
1.21873191078813,341.155929650652
1.2191265510287,341.280913410585
1.21947015871799,341.405897142696
1.21976174557451,341.530880845183
1.22000042754626,341.655864516447
1.22018545599434,341.780848155154
1.22031624955488,341.905831760239
1.22039244262688,342.030815330912
1.22041390788919,342.155798866712
1.22038074159354,342.280782367599
1.22029330636867,342.405765834062
1.22015234294542,342.530749267216
1.21995885815108,342.655732669031
1.21971812673548,342.78071604188
1.21943962390783,342.905694116773
1.21911838512111,343.030653557185
1.21875181543,343.15559339693
1.21834067083938,343.280514142243
1.21788048977028,343.405414356184
1.21736740693283,343.530298787392
1.21679231310948,343.655174671632
1.21615263548199,343.780058193164
1.21543411551405,343.904963318186
1.2146736546088,344.029919475779
1.21389110900004,344.154902666522
1.21307596425788,344.27988584484
1.21222564502918,344.404869010155
1.21133983050135,344.529852161294
1.21041878357075,344.654835296878
1.20946290345333,344.77981841557
1.20847261763132,344.90480151594
1.20744833379796,345.02978459618
1.20639042901741,345.154767654065
1.20529927263781,345.279750687057
1.20417523816185,345.404733692524
1.20301868929919,345.529716668231
1.20182994605114,345.654699612069
1.20060928307508,345.779682522559
1.19935699363707,345.904665399002
1.19807345427096,346.029648241577
1.19675915501217,346.154631051349
1.19541471222597,346.279613830201
1.19404087511454,346.404596580728
1.19263850420753,346.529579306111
1.19120850477084,346.654562009906
1.18975183582106,346.779544695929
1.1882697777359,346.904527368125
1.18676366550329,347.029510030349
1.18523476893114,347.154492686163
1.18368434217975,347.279475338652
1.18211360708642,347.404457990274
1.18052367182966,347.529440642761
1.178915522359,347.654423297082
1.17729007382123,347.77940595346
1.17564823176771,347.904388611463
1.17399089496044,348.029371270129
1.17231890238034,348.154353928138
1.17063300791454,348.279336583969
1.1689339007091,348.404319236131
1.16722223335709,348.529301883276
1.16549862460069,348.654284524304
1.16376368865604,348.779267158456
1.16201815576674,348.904249785397
1.16026297650805,349.029232405278
1.15849935144158,349.154215018784
1.15672874310594,349.279197627166
1.15495284205342,349.404180231425
1.15317347921711,349.529162836317
1.15139248986741,349.654145442504
1.14961179910825,349.779128054791
1.14783339844191,349.904110678802
