series,x,y,px,py
Series 1,184.66726342662795,4.147462662280497,1210.3936012251158,493.18864914146957
Series 1,168.89570518716087,4.149422244074009,1113.4379405920613,493.18494503662396
Series 1,153.23526215281709,4.1477530380323335,1017.165361832554,493.26108325281314
Series 1,137.26134186335926,4.1516061612130235,918.9656798443716,493.21607871844094
Series 1,122.7438296914312,4.09487654388154,829.7192858133358,494.505044567831
Series 1,108.96008836700226,4.0880358523087414,744.983733081716,494.6906578958099
Series 2,188.0238667042653,8.216592028311359,1231.0270769730705,403.3367550994084
Series 2,176.04180073565027,8.217953319389084,1157.367321641212,403.3367550994084
Series 2,164.2241297379307,8.222343136831793,1084.7181835269744,403.2694750217896
Series 2,152.1218422713285,8.246957030297782,1010.31935938293,402.7563757142634
Series 2,140.68726306988302,8.23663638309706,940.025282723809,403.0129312399373
Series 2,128.48473984537682,8.23896842322073,865.0102660340859,402.99205079794797
Series 2,117.25882145135805,8.228624601809715,795.9989317718697,403.2485945798003
Series 3,196.38074654042126,12.127456493342489,1282.3998030787877,316.9666942812663
Series 3,186.05412328402758,12.16985142525631,1218.916869878628,316.0565481732808
Series 3,176.65282395526634,12.170919513591723,1161.1223784969245,316.0565481732808
Series 3,166.20489313690905,12.1755053148086,1096.893718575365,315.9815049977919
Series 3,156.76657763449725,12.135355891712257,1038.8716828547888,316.8916511057774
Series 3,145.89864144537867,12.126547249312122,972.0610438584869,317.1134012518467
Series 3,136.49734109154252,12.107004715204607,914.2665524767834,317.56846909792176
Series 4,194.61774611980854,16.01469823402455,1271.5605688347428,231.14359151675635
Series 4,187.2315413622838,16.033817786788997,1226.1538665460557,230.73997330596228
Series 5,194.79945045934315,20.223595909519887,1272.6763094680134,138.21367694290342
Series 5,186.82863090365723,20.17802412404321,1223.6757072734608,139.23986381413428
Series 5,178.9830065191097,20.19053467705885,1175.4447246806437,138.98332003228197
Series 5,171.4295078236521,20.16815389150581,1129.0095955360791,139.49641933980817
Series 5,163.62561634556621,20.134182347233352,1081.0351802127575,140.26606242918672
Series 6,194.58414548023816,24.07176220106369,1271.3515454627877,53.24944991908461
Series 6,186.93531398186775,24.008650415207676,1224.3303703309243,54.66209979983802
Series 6,179.42695342851906,24.022186633673595,1178.1727169499125,54.38206404909307
Series 6,171.7452968076242,23.9682185682839,1130.949746569678,55.592909443458055
Series 6,163.93233068030875,23.9508262225878,1082.9195397678552,55.99651841623489
